Mass,sigma,Scientific,English,SpecID,PassNonPass,IOCOrder,BLFamilyLatin,BLFamilyEnglish,BLFamSequID,Taxo,Diet_Inv,Diet_Vend,Diet_Vect,Diet_Vfish,Diet_Vunk,Diet_Scav,Diet_Fruit,Diet_Nect,Diet_Seed,Diet_PlantO,Diet_5Cat,Diet-Source,Diet-Certainty,Diet-EnteredBy,ForStrat-watbelowsurf,ForStrat-wataroundsurf,ForStrat-ground,ForStrat-understory,ForStrat-midhigh,ForStrat-canopy,ForStrat-aerial,PelagicSpecialist,ForStrat-Source,ForStrat-SpecLevel,ForStrat-EnteredBy,Nocturnal,BodyMass-Value,BodyMass-Source,BodyMass-SpecLevel,BodyMass-Comment,Record-Comment,Diet_VertFishScav,Diet_FruiNect,Diet_PlantSeed,Diet_AllAnimals,Diet_AllPlants
660,0.14832396974191325,aix sponsa,wood duck,659,Nonpasseriformes,Anseriformes,Anatidae,"Ducks, geese and swans",14,BL3,0,0,0,0,0,0,0,0,50,50,PlantSeed,Ref_1,A,Jennifer,0,80,20,0,0,0,0,0,Ref_1,1,Other,0,657.59,Dunning08,1,NA,NA,0,0,100,0,100
1010,0.23664319132398465,anas acuta,northern pintail,708,Nonpasseriformes,Anseriformes,Anatidae,"Ducks, geese and swans",14,BL3,20,0,0,0,10,0,0,0,20,50,PlantSeed,Ref_1,A,Jennifer,0,70,30,0,0,0,0,0,Ref_1,1,Jessica,0,944.62,Dunning08,1,NA,NA,10,0,70,30,70
755,0.1673320053068151,anas americana,american widgeon,674,Nonpasseriformes,Anseriformes,Anatidae,"Ducks, geese and swans",14,BL3,0,0,0,0,0,0,0,0,0,100,PlantSeed,Ref_1,A,Jennifer,0,50,50,0,0,0,0,0,Ref_1,1,Jessica,0,754.61,Dunning08,1,NA,NA,0,0,100,0,100
610,0.2,anas clypeata,northern shoveler,695,Nonpasseriformes,Anseriformes,Anatidae,"Ducks, geese and swans",14,BL3,60,0,0,0,0,0,0,0,20,20,Invertebrate,Ref_1,A,Jennifer,20,80,0,0,0,0,0,0,Ref_1,1,Jessica,0,612.56,Dunning08,1,NA,NA,0,0,40,60,40
340,0.2683281572999748,anas crecca,green winged teal,714,Nonpasseriformes,Anseriformes,Anatidae,"Ducks, geese and swans",14,BL3,30,0,0,0,0,0,0,0,20,50,PlantSeed,Ref_1,A,Jennifer,0,100,0,0,0,0,0,0,Ref_1,1,Jessica,0,341.89,Dunning08,1,NA,NA,0,0,70,30,70
385,0.18973665961010275,anas discors,blue winged teal,690,Nonpasseriformes,Anseriformes,Anatidae,"Ducks, geese and swans",14,BL3,10,0,0,0,0,0,0,0,30,60,PlantSeed,Ref_1,A,Jennifer,0,100,0,0,0,0,0,0,Ref_1,1,Jessica,0,359.44,Dunning08,1,NA,NA,0,0,90,10,90
772,0.7981227975693966,anas penelope,eurasian wigeon,673,Nonpasseriformes,Anseriformes,Anatidae,"Ducks, geese and swans",14,BL3,0,0,0,0,0,0,0,0,20,80,PlantSeed,Ref_1,A,Jennifer,0,50,50,0,0,0,0,0,Ref_1,1,Jessica,0,770.03,Dunning08,1,NA,NA,0,0,100,0,100
1082,0.1414213562373095,anas platyrhynchos,mallard,679,Nonpasseriformes,Anseriformes,Anatidae,"Ducks, geese and swans",14,BL3,40,0,10,10,0,0,0,0,20,20,Omnivore,Ref_1,A,Jennifer,20,60,20,0,0,0,0,0,Ref_1,1,Jessica,0,843.42,Dunning08,1,NA,NA,20,0,40,60,40
326,0.8769264507357502,anas querquedula,garganey,712,Nonpasseriformes,Anseriformes,Anatidae,"Ducks, geese and swans",14,BL3,40,0,10,10,0,0,0,0,10,30,Omnivore,Ref_1,A,Jennifer,100,0,0,0,0,0,0,0,Ref_1,1,Jessica,0,325.6,Dunning08,1,NA,NA,20,0,40,60,40
920,0.18973665961010275,anas strepera,gadwall,671,Nonpasseriformes,Anseriformes,Anatidae,"Ducks, geese and swans",14,BL3,0,0,0,0,0,0,0,0,30,70,PlantSeed,Ref_1,A,Jennifer,0,80,20,0,0,0,0,0,Ref_1,1,Jessica,0,915.58,Dunning08,1,NA,NA,0,0,100,0,100
820,0.15165750888103102,aythya affinis,lesser scaup,739,Nonpasseriformes,Anseriformes,Anatidae,"Ducks, geese and swans",14,BL3,20,0,0,0,0,0,0,0,30,50,PlantSeed,Ref_1,A,Jennifer,100,0,0,0,0,0,0,0,Ref_1,1,Jessica,0,819.45,Dunning08,1,NA,NA,0,0,80,20,80
1045,0.2024845673131659,aythya americana,redhead,729,Nonpasseriformes,Anseriformes,Anatidae,"Ducks, geese and swans",14,BL3,10,0,0,0,0,0,0,0,20,70,PlantSeed,Ref_1,A,Jennifer,50,50,0,0,0,0,0,0,Ref_1,1,Jessica,0,1075.69,Dunning08,1,NA,NA,0,0,90,10,90
705,1.1755849607748476,aythya collaris,ring-necked duck,730,Nonpasseriformes,Anseriformes,Anatidae,"Ducks, geese and swans",14,BL3,20,0,0,0,0,0,0,0,20,60,PlantSeed,Ref_1,A,Jennifer,0,100,0,0,0,0,0,0,Ref_1,1,Jessica,0,704.55,Dunning08,1,NA,NA,0,0,80,20,80
1200,0.2810693864511039,aythya fuligula,tufted duck,736,Nonpasseriformes,Anseriformes,Anatidae,"Ducks, geese and swans",14,BL3,50,0,0,0,0,10,0,0,20,20,Omnivore,Ref_1,A,Jennifer,60,40,0,0,0,0,0,0,Ref_1,1,Jessica,0,701.17,Dunning08,1,NA,NA,10,0,40,60,40
1219,0.21908902300206645,aythya valisineria,canvasback,728,Nonpasseriformes,Anseriformes,Anatidae,"Ducks, geese and swans",14,BL3,10,0,0,10,0,0,0,0,20,60,PlantSeed,Ref_1,A,Jennifer,60,40,0,0,0,0,0,0,Ref_1,1,Jessica,0,1202,Dunning08,1,NA,NA,10,0,80,20,80
1725,0.25099800796022265,branta bernicla bernicla,dark-bellied brent goose,616,Nonpasseriformes,Anseriformes,Anatidae,"Ducks, geese and swans",14,BL3,0,0,0,0,0,0,0,0,0,100,PlantSeed,Ref_1,A,Jennifer,0,40,60,0,0,0,0,0,Ref_1,1,Jessica,0,1277.91,Dunning08,1,NA,NA,0,0,100,0,100
1300,0.8099382692526635,branta bernicla nigricans,brant goose or brent goose,616,Nonpasseriformes,Anseriformes,Anatidae,"Ducks, geese and swans",14,BL3,0,0,0,0,0,0,0,0,0,100,PlantSeed,Ref_1,A,Jennifer,0,40,60,0,0,0,0,0,Ref_1,1,Jessica,0,1277.91,Dunning08,1,NA,NA,0,0,100,0,100
3564,0.1673320053068151,branta canadensis,canada goose,613,Nonpasseriformes,Anseriformes,Anatidae,"Ducks, geese and swans",14,BL3,0,0,0,0,0,0,10,0,0,90,PlantSeed,Ref_1,A,Jennifer,0,40,60,0,0,0,0,0,Ref_1,1,Jessica,0,2811.68,Dunning08,1,NA,NA,0,10,90,0,100
404,0.8240145629781066,bucephala albeola,bufflehead,760,Nonpasseriformes,Anseriformes,Anatidae,"Ducks, geese and swans",14,BL3,70,0,0,20,0,0,0,0,10,0,Invertebrate,Ref_1,A,Jennifer,100,0,0,0,0,0,0,0,Ref_1,1,Jessica,0,397.46,Dunning08,1,NA,NA,20,0,10,90,10
2631,0.3065941943351178,chen caerulescens atlanticus,greater snow goose,609,Nonpasseriformes,Anseriformes,Anatidae,"Ducks, geese and swans",14,BL3,0,0,0,0,0,0,0,0,10,90,PlantSeed,Ref_1,A,Jennifer,0,20,80,0,0,0,0,0,Ref_1,1,Jessica,0,2636.15,Dunning08,1,NA,NA,0,0,100,0,100
2350,0.11832159566199232,chen caerulescens caerulescens,lesser snow goose,609,Nonpasseriformes,Anseriformes,Anatidae,"Ducks, geese and swans",14,BL3,0,0,0,0,0,0,0,0,10,90,PlantSeed,Ref_1,A,Jennifer,0,20,80,0,0,0,0,0,Ref_1,1,Jessica,0,2636.15,Dunning08,1,NA,NA,0,0,100,0,100
10000,1.5662056059151366,cygnus buccinator,trumpeter swan,590,Nonpasseriformes,Anseriformes,Anatidae,"Ducks, geese and swans",14,BL3,10,0,0,0,0,0,0,0,20,70,PlantSeed,Ref_1,A,Jennifer,0,100,0,0,0,0,0,0,Ref_1,1,Jessica,0,11071.13,Dunning08,1,NA,NA,0,0,90,10,90
10735,0.07745966692414834,cygnus olor,mute swan,586,Nonpasseriformes,Anseriformes,Anatidae,"Ducks, geese and swans",14,BL3,10,0,10,0,0,0,0,0,0,80,PlantSeed,Ref_1,A,Jennifer,0,100,0,0,0,0,0,0,Ref_1,1,Jessica,0,10682.04,Dunning08,1,NA,NA,10,0,80,20,80
1022,0.9455157322858251,mergus serrator,red-breasted merganser,764,Nonpasseriformes,Anseriformes,Anatidae,"Ducks, geese and swans",14,BL3,20,0,0,70,0,0,0,0,0,10,VertFishScav,Ref_1,A,Jennifer,80,20,0,0,0,0,0,0,Ref_1,1,Jessica,0,1015.17,Dunning08,1,NA,NA,70,0,10,90,10
545,0.8854377448471462,oxyura jamaicensis,ruddy duck,573,Nonpasseriformes,Anseriformes,Anatidae,"Ducks, geese and swans",14,BL3,60,0,0,0,0,0,0,0,40,0,Invertebrate,Ref_1,A,Jennifer,100,0,0,0,0,0,0,0,Ref_1,1,Jessica,0,608.15,Dunning08,1,NA,NA,0,0,40,60,40
2067,0.3178049716414141,somateria mollissima,common eider,740,Nonpasseriformes,Anseriformes,Anatidae,"Ducks, geese and swans",14,BL3,70,0,0,10,0,0,10,0,0,10,Invertebrate,Ref_1,A,Jennifer,80,20,0,0,0,0,0,0,Ref_1,1,Jessica,0,2060.93,Dunning08,1,NA,NA,10,10,10,80,20
5,0.6610597552415364,selasphorus platycercus,broad-tailed hummingbird,2812,Nonpasseriformes,Apodiformes,Trochilidae,Hummingbirds,79,BL3,10,0,0,0,0,0,0,90,0,0,FruiNect,Ref_5,A,Hamish,0,0,0,80,20,0,0,0,Ref_5,1,Christian,0,3.54,Dunning08,1,NA,NA,0,90,0,10,90
381,0.1,fratercula arctica,puffin,4532,Nonpasseriformes,Charadriiformes,Alcidae,Auks,63,BL3,20,0,0,80,0,0,0,0,0,0,VertFishScav,Ref_3,A,Carolina,100,0,0,0,0,0,0,1,Ref_3,1,Jessica,0,593.01,Dunning08,1,NA,NA,80,0,0,100,0
64,0.23874672772626646,charadrius hiaticula,ringed plover,4236,Nonpasseriformes,Charadriiformes,Charadriidae,Plovers,54,BL3,100,0,0,0,0,0,0,0,0,0,Invertebrate,Ref_3,A,Carolina,0,0,100,0,0,0,0,0,Ref_3,1,Jessica,0,64.04,Dunning08,1,NA,NA,0,0,0,100,0
220,0.17888543819998318,pluvialis squatarola,grey plover,4234,Nonpasseriformes,Charadriiformes,Charadriidae,Plovers,54,BL3,70,0,0,0,0,0,0,0,10,20,Invertebrate,Ref_3,A,Carolina,0,0,100,0,0,0,0,0,Ref_3,1,Jessica,0,250,Dunning08,1,NA,NA,0,0,30,70,30
219,0.5440588203494178,vanellus vanellus,lapwing,4283,Nonpasseriformes,Charadriiformes,Charadriidae,Plovers,54,BL3,100,0,0,0,0,0,0,0,0,0,Invertebrate,Ref_3,A,Carolina,0,0,100,0,0,0,0,0,Ref_3,1,Jessica,0,218.37,Dunning08,1,NA,NA,0,0,0,100,0
526,0.1,haematopus ostralegus,eurasian oystercatcher,4195,Nonpasseriformes,Charadriiformes,Haematopodidae,Oystercatchers,50,BL3,90,0,0,10,0,0,0,0,0,0,Invertebrate,Ref_3,A,Carolina,0,40,60,0,0,0,0,0,Ref_3,1,Morgane; Walter,0,526,Dunning08,1,NA,NA,10,0,0,100,0
1156,0.1414213562373095,catharacta maccormicki,south polar skua,4351,Nonpasseriformes,Charadriiformes,Stercorariidae,Skuas and jaegers,62,BL3,0,20,0,80,0,0,0,0,0,0,VertFishScav,Ref_3,A,Carolina,0,50,50,0,0,0,0,1,Ref_3,1,Jessica,0,1347.07,Dunning08,1,NA,NA,100,0,0,100,0
407,0.21447610589527216,rissa tridactyla,kittiwake,4440,Nonpasseriformes,Charadriiformes,Laridae,Gulls and terns,61,BL3,30,20,0,30,0,0,0,0,10,10,Omnivore,Ref_3,A,Carolina,100,0,0,0,0,0,0,1,Ref_3,1,Jessica,0,415.99,Dunning08,1,NA,NA,50,0,20,80,20
115,0.10954451150103323,arenaria interpres,ruddy turnstone,4110,Nonpasseriformes,Charadriiformes,Scolopacidae,Sandpipers and allies,59,BL3,80,0,0,0,0,0,0,0,0,20,Invertebrate,Ref_3,A,Carolina,0,0,100,0,0,0,0,0,Ref_3,1,Jessica,0,135.98,Dunning08,1,NA,NA,0,0,20,80,20
57,0.19493588689617927,calidris alba,sanderling,4120,Nonpasseriformes,Charadriiformes,Scolopacidae,Sandpipers and allies,59,BL3,60,0,0,10,0,10,0,0,0,20,Invertebrate,Ref_3,A,Carolina,0,0,100,0,0,0,0,0,Ref_3,1,Jessica,0,51.71,Dunning08,1,NA,NA,20,0,20,80,20
47,0.130384048104053,calidris alpina,dunlin,4135,Nonpasseriformes,Charadriiformes,Scolopacidae,Sandpipers and allies,59,BL3,80,0,0,0,0,0,0,0,0,20,Invertebrate,Ref_3,A,Carolina,0,20,80,0,0,0,0,0,Ref_3,1,Jessica,0,51.89,Dunning08,1,NA,NA,0,0,20,80,20
137,0.15811388300841897,calidris canutus,red knot,4118,Nonpasseriformes,Charadriiformes,Scolopacidae,Sandpipers and allies,59,BL3,80,0,0,10,0,0,0,0,10,0,Invertebrate,Ref_3,A,Carolina,0,0,100,0,0,0,0,0,Ref_3,1,Jessica,0,141.87,Dunning08,1,NA,NA,10,0,10,90,10
343,0.17606816861659008,limosa lapponica,bar-tailed godwit,4076,Nonpasseriformes,Charadriiformes,Scolopacidae,Sandpipers and allies,59,BL3,80,0,0,0,0,0,10,0,10,0,Invertebrate,Ref_3,A,Carolina,0,50,50,0,0,0,0,0,Ref_3,1,Jessica,0,291.65,Dunning08,1,NA,NA,0,10,10,80,20
291,0.21213203435596426,limosa limosa,black-tailed godwit,4074,Nonpasseriformes,Charadriiformes,Scolopacidae,Sandpipers and allies,59,BL3,60,0,10,10,0,0,10,0,10,0,Invertebrate,Ref_3,A,Jennifer,0,50,50,0,0,0,0,0,Ref_3,1,Jessica,0,288.37,Dunning08,1,NA,NA,20,10,10,80,20
600,0.11401754250991379,numenius arquata,eurasian curlew,4087,Nonpasseriformes,Charadriiformes,Scolopacidae,Sandpipers and allies,59,BL3,40,0,0,0,0,0,30,0,30,0,Omnivore,Ref_3,A,Carolina,0,20,80,0,0,0,0,0,Ref_3,1,Jessica,0,802.99,Dunning08,1,NA,NA,0,30,30,40,60
310,0.5272570530585627,scolopax rusticola,woodcock,4034,Nonpasseriformes,Charadriiformes,Scolopacidae,Sandpipers and allies,59,BL3,70,0,0,0,0,0,10,0,10,10,Invertebrate,Ref_3,A,Carolina,0,20,80,0,0,0,0,0,Ref_3,1,Jessica,0,308.31,Dunning08,1,NA,NA,0,10,20,70,30
174,0.31464265445104544,tringa nebularia,greenshank,4094,Nonpasseriformes,Charadriiformes,Scolopacidae,Sandpipers and allies,59,BL3,80,10,0,10,0,0,0,0,0,0,Invertebrate,Ref_3,A,Carolina,0,60,40,0,0,0,0,0,Ref_3,1,Jessica,0,187,Dunning08,1,NA,NA,20,0,0,100,0
129,0.130384048104053,tringa totanus,redshank,4092,Nonpasseriformes,Charadriiformes,Scolopacidae,Sandpipers and allies,59,BL3,80,0,10,10,0,0,0,0,0,0,Invertebrate,Ref_3,A,Carolina,0,80,20,0,0,0,0,0,Ref_3,1,Jessica,0,129,Dunning08,1,NA,NA,20,0,0,100,0
1443,0.1,ardea cinerea,grey heron,5209,Nonpasseriformes,Pelecaniformes,Ardeidae,Herons and egrets,25,BL3,20,10,10,60,0,0,0,0,0,0,VertFishScav,Ref_1,A,Jennifer,0,70,30,0,0,0,0,0,Ref_1,1,Morgane,0,1443,Dunning08,1,NA,NA,80,0,0,100,0
874,0.27386127875258304,ardea purpurea,purple heron,5224,Nonpasseriformes,Pelecaniformes,Ardeidae,Herons and egrets,25,BL3,30,20,30,20,0,0,0,0,0,0,VertFishScav,Ref_1,A,Jennifer,0,70,30,0,0,0,0,0,Ref_1,1,Morgane,0,1064.48,Dunning08,1,NA,NA,70,0,0,100,0
3473,0.2588435821108957,ciconia ciconia,white stork,5369,Nonpasseriformes,Ciconiiformes,Ciconiidae,Storks,23,BL3,20,20,40,20,0,0,0,0,0,0,VertFishScav,Ref_1,A,Jennifer,0,30,70,0,0,0,0,0,Ref_1,1,Other,0,3445.8,Dunning08,1,NA,NA,80,0,0,100,0
1200,0.2469817807045694,nipponia nippon,crested ibis,5317,Nonpasseriformes,Pelecaniformes,Threskiornithidae,Ibises and spoonbills,24,BL3,20,0,10,70,0,0,0,0,0,0,VertFishScav,Ref_1,A,Jennifer,0,80,20,0,0,0,0,0,Ref_1,1,Other,0,1900,Dunning08,1,NA,NA,80,0,0,100,0
291,0.4658325879540846,columba oenas,stock pigeon,3322,Nonpasseriformes,Columbiformes,Columbidae,Doves and pigeons,65,BL3,20,0,0,0,0,0,0,0,40,40,PlantSeed,Ref_4,A,Carolina,0,0,80,20,0,0,0,0,Ref_4,1,Jessica,0,290.79,Dunning08,1,NA,NA,0,0,80,20,80
490,0.5039841267341661,columba palumbus,common wood-pigeon,3325,Nonpasseriformes,Columbiformes,Columbidae,Doves and pigeons,65,BL3,0,0,0,0,0,0,30,0,30,40,PlantSeed,Ref_4,A,Carolina,0,0,80,20,0,0,0,0,Ref_4,1,Jessica,0,490,Dunning08,1,NA,NA,0,30,70,0,100
119,1.4363147287415805,zenaida macroura,mourning dove,3439,Nonpasseriformes,Columbiformes,Columbidae,Doves and pigeons,65,BL3,0,0,0,0,0,0,0,0,90,10,PlantSeed,Ref_4,A,Carolina,0,0,60,40,0,0,0,0,Ref_4,1,Jessica,0,118.93,Dunning08,1,NA,NA,0,0,100,0,100
64,0.7509993342207435,coccyzus americanus,yellow billed cuckoo,1858,Nonpasseriformes,Cuculiformes,Cuculidae,Cuckoos,67,BL3,60,10,20,0,0,0,10,0,0,0,Invertebrate,Ref_4,A,Carolina,0,0,0,0,40,60,0,0,Ref_4,1,Jessica,0,64,Dunning08,1,NA,NA,30,10,0,90,10
1025,0.9664367542679656,accipiter gentilis,northern goshawk,4767,Nonpasseriformes,Accipitriformes,Accipitridae,"Osprey, kites, hawks and eagles",36,BL3,0,90,10,0,0,0,0,0,0,0,VertFishScav,Ref_2,A,Jennifer,0,0,100,0,0,0,0,0,Ref_2,1,Jessica,0,866.04,Dunning08,1,NA,NA,100,0,0,100,0
238,0.1224744871391589,accipiter nisus,eurasian sparrowhawk,4753,Nonpasseriformes,Accipitriformes,Accipitridae,"Osprey, kites, hawks and eagles",36,BL3,0,100,0,0,0,0,0,0,0,0,VertFishScav,Ref_2,A,Jennifer,0,0,20,20,20,20,20,0,Ref_2,1,Jessica,0,220.79,Dunning08,1,NA,NA,100,0,0,100,0
4195,0.2345207879911715,aquila chrysaetos,golden eagle,4864,Nonpasseriformes,Accipitriformes,Accipitridae,"Osprey, kites, hawks and eagles",36,BL3,0,80,10,0,0,10,0,0,0,0,VertFishScav,Ref_2,A,Jennifer,0,0,100,0,0,0,0,0,Ref_2,1,Jessica,0,4247.97,Dunning08,1,NA,NA,100,0,0,100,0
956,1.200833044182246,buteo lagopus,rough-legged hawk (buzzard),4840,Nonpasseriformes,Accipitriformes,Accipitridae,"Osprey, kites, hawks and eagles",36,BL3,10,80,0,10,0,0,0,0,0,0,VertFishScav,Ref_2,A,Jennifer,0,0,100,0,0,0,0,0,Ref_2,1,Jessica,0,949.76,Dunning08,1,NA,NA,90,0,0,100,0
559,0.8977750274985377,buteo lineatus,red-shouldered hawk or buzzard,4808,Nonpasseriformes,Accipitriformes,Accipitridae,"Osprey, kites, hawks and eagles",36,BL3,20,40,40,0,0,0,0,0,0,0,VertFishScav,Ref_2,A,Jennifer,0,0,33,33,33,0,0,0,Ref_2,1,Jessica,0,603.72,Dunning08,1,NA,NA,80,0,0,100,0
435,1.7804493814764855,circus cyaneus,marsh hawk or hen harrier,4696,Nonpasseriformes,Accipitriformes,Accipitridae,"Osprey, kites, hawks and eagles",36,BL3,10,70,10,0,0,10,0,0,0,0,VertFishScav,Ref_2,A,Jennifer,0,0,100,0,0,0,0,0,Ref_2,1,Jessica,0,392.98,Dunning08,1,NA,NA,90,0,0,100,0
4740,0.6049793384901669,haliaeetus leucocephalus,bald eagle,4637,Nonpasseriformes,Accipitriformes,Accipitridae,"Osprey, kites, hawks and eagles",36,BL3,0,30,20,30,0,20,0,0,0,0,VertFishScav,Ref_2,A,Jennifer,0,40,30,0,10,10,10,0,Ref_2,1,Morgane; Walter,0,4700.58,Dunning08,1,NA,NA,100,0,0,100,0
1080,0.260768096208106,milvus milvus,red kite,4620,Nonpasseriformes,Accipitriformes,Accipitridae,"Osprey, kites, hawks and eagles",36,BL3,0,30,0,0,0,70,0,0,0,0,VertFishScav,Ref_2,A,Jennifer,0,0,100,0,0,0,0,0,Ref_2,1,Jessica,0,1071.77,Dunning08,1,NA,NA,100,0,0,100,0
378,0.43474130238568315,rostrhamus sociabilis,snail kite,4614,Nonpasseriformes,Accipitriformes,Accipitridae,"Osprey, kites, hawks and eagles",36,BL3,100,0,0,0,0,0,0,0,0,0,Invertebrate,Ref_2,A,Jennifer,0,0,100,0,0,0,0,0,Ref_2,1,Jessica,0,366.94,Dunning08,1,NA,NA,0,0,0,100,0
10104,0.35213633723318016,gymnogyps californianus,california condor,5352,Nonpasseriformes,Accipitriformes,Cathartidae,New World vultures,34,BL3,0,0,0,0,0,100,0,0,0,0,VertFishScav,Ref_2,A,Jennifer,0,0,100,0,0,0,0,0,Ref_2,1,Jessica,0,8442.74,Dunning08,1,NA,NA,100,0,0,100,0
782,0.161245154965971,falco peregrinus,peregrine falcon,4980,Nonpasseriformes,Falconiformes,Falconidae,Falcons and caracaras,35,BL3,10,80,10,0,0,0,0,0,0,0,VertFishScav,Ref_2,A,Jennifer,0,0,20,20,20,20,20,0,Ref_2,1,Other,0,759.95,Dunning08,1,NA,NA,90,0,0,100,0
1461,0.372827037646145,falco rusticolus,gyr falcon,4978,Nonpasseriformes,Falconiformes,Falconidae,Falcons and caracaras,35,BL3,0,100,0,0,0,0,0,0,0,0,VertFishScav,Ref_2,A,Jennifer,0,0,70,10,10,0,10,0,Ref_2,1,Jessica,0,1431.72,Dunning08,1,NA,NA,100,0,0,100,0
116,1.1601724009818541,falco sparverius,american hawk or kestrel,4950,Nonpasseriformes,Falconiformes,Falconidae,Falcons and caracaras,35,BL3,60,20,20,0,0,0,0,0,0,0,Invertebrate,Ref_2,A,Jennifer,0,0,50,40,10,0,0,0,Ref_2,1,Jessica,0,114.61,Dunning08,1,NA,NA,40,0,0,100,0
202,1.0290772565750348,falco tinnunculus,eurasian kestrel,4941,Nonpasseriformes,Falconiformes,Falconidae,Falcons and caracaras,35,BL3,10,90,0,0,0,0,0,0,0,0,VertFishScav,Ref_2,A,Jennifer,0,0,80,10,10,0,0,0,Ref_2,1,Jessica,0,183.21,Dunning08,1,NA,NA,90,0,0,100,0
173,0.6,callipepla californica,california quail,466,Nonpasseriformes,Galliformes,Odontophoridae,New World quails,10,BL3,0,0,0,0,0,0,0,0,50,50,PlantSeed,Ref_2,A,Jennifer,0,0,100,0,0,0,0,0,Ref_2,1,Jessica,0,165.7,Dunning08,1,NA,NA,0,0,100,0,100
480,0.17606816861659008,alectoris rufa,red-legged partridge,245,Nonpasseriformes,Galliformes,Phasianidae,"Grouse, pheasants and partridges",11,BL3,10,0,0,0,0,0,10,0,20,60,PlantSeed,Ref_2,A,Jennifer,0,0,100,0,0,0,0,0,Ref_2,1,Jessica,0,527.86,Dunning08,1,NA,NA,0,10,80,10,90
390,0.7674633541739957,perdix perdix,grey partridge,294,Nonpasseriformes,Galliformes,Phasianidae,"Grouse, pheasants and partridges",11,BL3,30,0,0,0,0,0,0,0,30,40,PlantSeed,Ref_2,A,Jennifer,0,0,100,0,0,0,0,0,Ref_2,1,Jessica,0,405.3,Dunning08,1,NA,NA,0,0,70,30,70
1135,1.2653062870309306,phasianus colchicus,ring-necked pheasant,393,Nonpasseriformes,Galliformes,Phasianidae,"Grouse, pheasants and partridges",11,BL3,10,0,0,0,0,0,30,0,30,30,PlantSeed,Ref_2,A,Jennifer,0,0,100,0,0,0,0,0,Ref_2,1,Jessica,0,1120.31,Dunning08,1,NA,NA,0,30,60,10,90
429,0.9471008394041259,bonasa bonasia,hazel grouse,432,Nonpasseriformes,Galliformes,Phasianidae,"Grouse, pheasants and partridges",11,BL3,0,0,0,0,0,0,20,0,10,70,PlantSeed,Ref_2,A,Jennifer,0,0,100,0,0,0,0,0,Ref_2,1,Jessica,0,429,Dunning08,1,NA,NA,0,20,80,0,100
577,0.39496835316262996,bonasa umbellus,ruffed grouse,434,Nonpasseriformes,Galliformes,Phasianidae,"Grouse, pheasants and partridges",11,BL3,10,0,0,0,0,0,20,0,0,70,PlantSeed,Ref_2,A,Jennifer,0,0,60,40,0,0,0,0,Ref_2,1,Other,0,530.91,Dunning08,1,NA,NA,0,20,70,10,90
178,0.4,colinus virginianus,northern bobwhite or bobwhite quail,469,Nonpasseriformes,Galliformes,Odontophoridae,New World quails,10,BL3,0,0,0,0,0,0,0,0,70,30,PlantSeed,Ref_2,A,Jennifer,0,0,100,0,0,0,0,0,Ref_2,1,Jessica,0,171.89,Dunning08,1,NA,NA,0,0,100,0,100
474,0.7829431652425354,dendragapus canadensis,spruce grouse,417,Nonpasseriformes,Galliformes,Phasianidae,"Grouse, pheasants and partridges",11,BL3,0,0,0,0,0,0,10,0,0,90,PlantSeed,Ref_2,A,Jennifer,0,0,100,0,0,0,0,0,Ref_2,1,Jessica,0,473.65,Dunning08,1,NA,NA,0,10,90,0,100
1040,0.4593473631142341,dendragapus obscurus,blue grouse,420,Nonpasseriformes,Galliformes,Phasianidae,"Grouse, pheasants and partridges",11,BL3,0,0,0,0,0,0,20,0,0,80,PlantSeed,Ref_2,A,Jennifer,0,0,100,0,0,0,0,0,Ref_2,1,Jessica,0,1047.31,Dunning08,1,NA,NA,0,20,80,0,100
550,0.14832396974191325,lagopus lagopus lagopus,willow grouse or willow ptarmigan,423,Nonpasseriformes,Galliformes,Phasianidae,"Grouse, pheasants and partridges",11,BL3,0,0,0,0,0,0,10,0,0,90,PlantSeed,Ref_2,A,Jennifer,0,0,100,0,0,0,0,0,Ref_2,1,Jessica,0,566.86,Dunning08,1,NA,NA,0,10,90,0,100
1083,0.9186947262284682,tetrao tetrix,black grouse,428,Nonpasseriformes,Galliformes,Phasianidae,"Grouse, pheasants and partridges",11,BL3,10,0,0,0,0,0,10,0,10,70,PlantSeed,Ref_2,A,Jennifer,0,0,100,0,0,0,0,0,Ref_2,1,Jessica,0,1068.66,Dunning08,1,NA,NA,0,10,80,10,90
2950,0.16431676725154984,tetrao urogallus,western capercaillie or wood grouse,430,Nonpasseriformes,Galliformes,Phasianidae,"Grouse, pheasants and partridges",11,BL3,0,0,0,0,0,0,10,0,0,90,PlantSeed,Ref_2,A,Jennifer,0,0,100,0,0,0,0,0,Ref_2,1,Jessica,0,2716.61,Dunning08,1,NA,NA,0,10,90,0,100
900,0.6356099432828282,tympanuchus cupido,prairie grouse or greater prairie chicken,437,Nonpasseriformes,Galliformes,Phasianidae,"Grouse, pheasants and partridges",11,BL3,20,0,0,0,0,0,10,0,50,20,PlantSeed,Ref_2,A,Jennifer,0,0,100,0,0,0,0,0,Ref_2,1,Jessica,0,870.08,Dunning08,1,NA,NA,0,10,70,20,80
885,0.7321202087089251,tympanuchus phasianellus,sharp-tailed grouse,436,Nonpasseriformes,Galliformes,Phasianidae,"Grouse, pheasants and partridges",11,BL3,10,0,0,0,0,0,10,0,10,70,PlantSeed,Ref_2,A,Jennifer,0,0,100,0,0,0,0,0,Ref_2,1,Jessica,0,882.38,Dunning08,1,NA,NA,0,10,80,10,90
5826,0.15165750888103102,grus americana,whooping crane,3747,Nonpasseriformes,Gruiformes,Gruidae,Cranes,45,BL3,20,20,20,20,0,0,10,0,10,0,VertFishScav,Ref_3,A,Carolina,0,50,50,0,0,0,0,0,Ref_3,1,Jessica,0,5825.99,Dunning08,1,NA,NA,60,10,10,80,20
3166,0.2949576240750525,grus canadensis,sandhill crane,3741,Nonpasseriformes,Gruiformes,Gruidae,Cranes,45,BL3,20,20,0,0,0,0,20,0,10,30,Omnivore,Ref_3,A,Carolina,0,50,50,0,0,0,0,0,Ref_3,1,Jessica,0,4296.22,Dunning08,1,NA,NA,20,20,40,40,60
303,0.3209361307176242,gallinula chloropus,moorhen,3931,Nonpasseriformes,Gruiformes,Rallidae,"Rails, crakes and allies",42,BL3,20,0,10,10,0,0,20,0,20,20,Omnivore,Ref_3,A,Carolina,0,20,60,20,0,0,0,0,Ref_3,1,Jessica,0,339.63,Dunning08,1,NA,NA,20,20,40,40,60
40,0.3301514803843836,alauda arvensis,skylark,11529,Passeriformes,Passeriformes,Alaudidae,Larks,158,BL3,40,0,0,0,0,0,0,0,40,20,PlantSeed,Ref_9,A,Carolina,0,0,100,0,0,0,0,0,Ref_9,1,Jessica,0,37.31,Dunning08,1,NA,NA,0,0,60,40,60
8.4,0.9273618495495703,certhia americana,brown creeper,9656,Passeriformes,Passeriformes,Certhiidae,Treecreepers,174,BL3,70,0,0,0,0,0,0,0,20,10,Invertebrate,Ref_13,A,Carolina,0,0,10,30,30,30,0,0,"Ref_46
",1,Christian,0,8.1,Dunning08,1,NA,NA,0,0,30,70,30
9,0.6090976933136424,certhia familiaris,treecreeper,9655,Passeriformes,Passeriformes,Certhiidae,Treecreepers,174,BL3,60,0,0,0,0,0,0,0,40,0,Invertebrate,Ref_13,A,Carolina,0,0,40,30,30,0,0,0,Ref_38,1,Jessica,0,9,Dunning08,1,NA,NA,0,0,40,60,40
60,0.4679743582719036,cinclus cinclus,eurasian dipper,8772,Passeriformes,Passeriformes,Cinclidae,Dippers,179,BL3,80,0,0,20,0,0,0,0,0,0,Invertebrate,Ref_10,A,Carolina,40,40,20,0,0,0,0,0,Ref_10,1,Jessica,0,61.47,Dunning08,1,NA,NA,20,0,0,100,0
125,0.21213203435596426,aphelocoma ultramarina,mexican jay,7990,Passeriformes,Passeriformes,Corvidae,Crows and jays,147,BL3,10,10,10,0,0,10,20,20,20,0,Omnivore,Ref_14,A,Carolina,0,0,60,10,30,0,0,0,Ref_30,1,Christian,0,113.33,Dunning08,1,NA,NA,30,40,20,40,60
448,1.4449913494550755,corvus brachyrhynchos,american crow,8093,Passeriformes,Passeriformes,Corvidae,Crows and jays,147,BL3,20,10,10,10,0,20,20,0,10,0,Omnivore,Ref_14,A,Carolina,0,0,80,20,0,0,0,0,Ref_30,1,Walter; Christian,0,448.76,Dunning08,1,NA,NA,50,20,10,70,30
570,0.24083189157584592,corvus corone,carrion crow,8101,Passeriformes,Passeriformes,Corvidae,Crows and jays,147,BL3,30,20,20,0,0,20,0,0,10,0,VertFishScav,Ref_14,A,Carolina,0,0,90,0,0,0,10,0,Ref_30,1,Walter; Christian,0,570,Dunning08,1,NA,NA,60,0,10,90,10
488,0.19235384061671346,corvus frugilegus,rook,8090,Passeriformes,Passeriformes,Corvidae,Crows and jays,147,BL3,30,10,10,0,0,10,0,0,40,0,Omnivore,Ref_14,A,Carolina,0,0,90,10,0,0,0,0,Ref_30,1,Walter; Christian,0,452.1,Dunning08,1,NA,NA,30,0,40,60,40
246,0.21908902300206645,corvus monedula,jackdaw,8073,Passeriformes,Passeriformes,Corvidae,Crows and jays,147,BL3,30,10,0,0,0,0,30,0,30,0,Omnivore,Ref_14,A,Carolina,0,0,50,20,20,10,0,0,Ref_30,1,Other,0,246,Dunning08,1,NA,NA,10,30,30,40,60
86.8,0.7962411694957753,cyanocitta cristata,blue jay,7977,Passeriformes,Passeriformes,Corvidae,Crows and jays,147,BL3,20,10,10,0,0,0,20,0,40,0,Omnivore,Ref_14,A,Carolina,0,0,40,20,20,20,0,0,Ref_30,1,Christian,0,88,Dunning08,1,NA,NA,20,20,40,40,60
161,0.37549966711037175,garrulus glandarius,eurasian jay,8023,Passeriformes,Passeriformes,Corvidae,Crows and jays,147,BL3,40,10,0,0,0,0,30,0,20,0,Omnivore,Ref_14,A,Carolina,0,0,60,20,20,0,0,0,Ref_30,1,Other,0,159.46,Dunning08,1,NA,NA,10,30,20,50,50
45,0.6855654600401044,cardinalis cardinalis,cardinal,13277,Passeriformes,Passeriformes,Cardinalidae,"Grosbeaks, saltators and allies",194,BL3,20,0,0,0,0,0,10,0,0,70,PlantSeed,Ref_16,C,NA,0,0,40,20,20,20,0,0,Ref_57,1,Christian,0,42.64,Dunning08,1,NA,NA,0,10,70,20,80
14,0.1414213562373095,dendroica kirtlandii,kirtland's warbler,12707,Passeriformes,Passeriformes,Parulidae,New World warblers,171,BL3,70,0,0,0,0,0,30,0,0,0,Invertebrate,Ref_15,A,Jennifer,0,0,0,20,80,0,0,0,Ref_29,1,Jessica,0,13.94,Dunning08,1,NA,NA,0,30,0,70,30
26.5,0.4527692569068708,emberiza citrinella,yellowhammer,12464,Passeriformes,Passeriformes,Emberizidae,"Buntings, American sparrows and allies",192,BL3,30,0,0,0,0,0,0,0,60,10,PlantSeed,Other,D1,NA,0,0,100,0,0,0,0,0,Ref_32,1,Christian,0,29.7,Dunning08,1,NA,NA,0,0,70,30,70
18,0.4147288270665544,emberiza schoeniclus,reed bunting,12500,Passeriformes,Passeriformes,Emberizidae,"Buntings, American sparrows and allies",192,BL3,30,0,0,0,0,0,0,0,50,20,PlantSeed,Ref_20,A,Jennifer,0,0,90,10,0,0,0,0,Ref_31,1,Christian,0,18.4,Dunning08,1,NA,NA,0,0,70,30,70
20,1.5846135175493108,junco hyemalis,dark-eyed junco,12529,Passeriformes,Passeriformes,Emberizidae,"Buntings, American sparrows and allies",192,BL3,30,0,0,0,0,0,0,0,70,0,PlantSeed,Ref_17,A,Jennifer,0,0,60,10,30,0,0,0,Ref_31,1,Christian,0,19.5,Dunning08,1,NA,NA,0,0,70,30,70
21,0.9481561052906847,melospiza melodia,song sparrow,12517,Passeriformes,Passeriformes,Emberizidae,"Buntings, American sparrows and allies",192,BL3,40,0,0,0,0,0,30,0,30,0,Omnivore,Ref_22,A,Jennifer,0,0,70,30,0,0,0,0,Ref_31,1,Christian,0,21.91,Dunning08,1,NA,NA,0,30,30,40,60
14.5,0.37682887362833545,passerina cyanea,indigo bunting,13313,Passeriformes,Passeriformes,Emberizidae,"Buntings, American sparrows and allies",192,BL3,0,0,0,0,0,0,0,0,100,0,PlantSeed,Ref_16,C,NA,0,0,40,40,20,0,0,0,Ref_57,1,Christian,0,14.69,Dunning08,1,NA,NA,0,0,100,0,100
42,0.4147288270665544,pheucticus melanocephalus,rose-breasted grosbeak,13276,Passeriformes,Passeriformes,Cardinalidae,"Grosbeaks, saltators and allies",194,BL3,70,0,0,0,0,0,20,0,10,0,Invertebrate,Ref_22,A,Jennifer,0,0,10,0,40,50,0,0,Lynes 98 (CALPIF),1,Other,0,47.13,Dunning08,1,NA,NA,0,20,10,70,30
41,0.35213633723318016,pipilo erythrophthalmus,rufous-sided towhee,12602,Passeriformes,Passeriformes,Emberizidae,"Buntings, American sparrows and allies",192,BL3,30,0,0,0,0,0,30,0,40,0,Omnivore,Ref_22,A,Jennifer,0,0,80,20,0,0,0,0,Ref_31,1,Christian,0,40.03,Dunning08,1,NA,NA,0,30,40,30,70
28.6,0.5059644256269407,piranga olivacea,scarlet tanager,12915,Passeriformes,Passeriformes,Cardinalidae,"Grosbeaks, saltators and allies",194,BL3,80,0,0,0,0,0,10,0,0,10,Invertebrate,Ref_21,A,Jennifer,0,0,10,10,40,40,0,0,Ref_21,1,Christian,0,28.2,Dunning08,1,NA,NA,0,10,10,80,20
27,0.37682887362833545,spiza americana,dickcissel,13269,Passeriformes,Passeriformes,Cardinalidae,"Grosbeaks, saltators and allies",194,BL3,0,0,0,0,0,0,0,0,100,0,PlantSeed,Ref_16,B,NA,0,0,100,0,0,0,0,0,Ref_33,1,Christian,0,26.18,Dunning08,1,NA,NA,0,0,100,0,100
20,1.6186414056238645,spizella arborea,american tree sparrow,12559,Passeriformes,Passeriformes,Emberizidae,"Buntings, American sparrows and allies",192,BL3,50,0,0,0,0,0,0,0,50,0,Omnivore,Ref_17,A,Jennifer,0,0,60,20,20,0,0,0,Ref_31,1,Christian,0,17.83,Dunning08,1,NA,NA,0,0,50,50,50
12.5,0.8769264507357502,spizella pusilla,field sparrow,12565,Passeriformes,Passeriformes,Emberizidae,"Buntings, American sparrows and allies",192,BL3,40,0,0,0,0,0,0,0,60,0,PlantSeed,Ref_17,A,Jennifer,0,0,100,0,0,0,0,0,Ref_31,1,Christian,0,12.5,Dunning08,1,NA,NA,0,0,60,40,60
15.3,0.4898979485566356,carduelis cannabina,linnet,12348,Passeriformes,Passeriformes,Fringillidae,Finches and Hawaiian honeycreepers,188,BL3,20,0,0,0,0,0,20,0,60,0,PlantSeed,Ref_15,A,Jennifer,0,0,60,20,20,0,0,0,Ref_27,1,Jessica,0,19.53,Dunning08,1,NA,NA,0,20,60,20,80
15.6,0.19235384061671346,carduelis carduelis,goldfinch,12336,Passeriformes,Passeriformes,Fringillidae,Finches and Hawaiian honeycreepers,188,BL3,10,0,0,0,0,0,20,0,40,30,PlantSeed,Ref_15,A,Jennifer,0,0,20,60,20,0,0,0,Ref_27,1,Jessica,0,16,Dunning08,1,NA,NA,0,20,70,10,90
30,0.4312771730569565,carduelis chloris,greenfinch,12312,Passeriformes,Passeriformes,Fringillidae,Finches and Hawaiian honeycreepers,188,BL3,0,0,0,0,0,0,0,0,100,0,PlantSeed,Ref_15,A,Jennifer,0,0,40,30,30,0,0,0,Ref_27,1,Jessica,0,26,Dunning08,1,NA,NA,0,0,100,0,100
13,1.3740451229854134,carduelis flammea,redpoll,12346,Passeriformes,Passeriformes,Fringillidae,Finches and Hawaiian honeycreepers,188,BL3,30,0,0,0,0,0,0,0,40,30,PlantSeed,Ref_15,A,Jennifer,0,0,100,0,0,0,0,0,Ref_27,1,Jessica,0,13,Dunning08,1,NA,NA,0,0,70,30,70
14.5,1.0812030336620408,carduelis spinus,spruce siskin,12317,Passeriformes,Passeriformes,Fringillidae,Finches and Hawaiian honeycreepers,188,BL3,10,0,0,0,0,0,30,0,30,30,PlantSeed,Ref_15,A,Jennifer,0,0,0,50,50,0,0,0,Ref_27,1,Jessica,0,13.24,Dunning08,1,NA,NA,0,30,60,10,90
13,0.7307530362578044,carduelis tristis,american goldfinch,12332,Passeriformes,Passeriformes,Fringillidae,Finches and Hawaiian honeycreepers,188,BL3,10,0,0,0,0,0,0,10,60,20,PlantSeed,Ref_15,A,Jennifer,0,0,33,33,33,0,0,0,Ref_27,1,Jessica,0,12.79,Dunning08,1,NA,NA,0,10,80,10,90
24,0.5674504383644443,carpodacus erythrinus,common rosefinch,12366,Passeriformes,Passeriformes,Fringillidae,Finches and Hawaiian honeycreepers,188,BL3,10,0,0,0,0,0,20,10,30,30,PlantSeed,Ref_15,A,Jennifer,0,0,50,50,0,0,0,0,Ref_27,1,Jessica,0,23.97,Dunning08,1,NA,NA,0,30,60,10,90
54,0.29832867780352595,coccothraustes coccothraustes,hawfinch,12410,Passeriformes,Passeriformes,Fringillidae,Finches and Hawaiian honeycreepers,188,BL3,10,0,0,0,0,0,20,0,30,40,PlantSeed,Ref_15,A,Jennifer,0,0,0,20,60,20,0,0,Ref_27,1,Jessica,0,56.63,Dunning08,1,NA,NA,0,20,70,10,90
21,0.5089204259999789,fringilla coelebs,chaffinch,12245,Passeriformes,Passeriformes,Fringillidae,Finches and Hawaiian honeycreepers,188,BL3,60,0,0,0,0,0,0,0,20,20,Invertebrate,Ref_15,A,Jennifer,0,0,40,30,30,0,0,0,Ref_27,1,Other,0,23.81,Dunning08,1,NA,NA,0,0,40,60,40
24,0.40987803063838396,fringilla montifringilla,brambling,12248,Passeriformes,Passeriformes,Fringillidae,Finches and Hawaiian honeycreepers,188,BL3,20,0,0,0,0,0,40,0,40,0,Omnivore,Ref_15,A,Jennifer,0,0,60,20,20,0,0,0,Ref_27,1,Jessica,0,23.19,Dunning08,1,NA,NA,0,40,40,20,80
24,0.6833739825307955,geospiza fortis,medium ground finch,13254,Passeriformes,Passeriformes,Emberizidae,"Buntings, American sparrows and allies",192,BL3,40,0,0,0,0,0,20,0,30,10,Omnivore,Other,D2,NA,0,0,70,0,30,0,0,0,Smith & Sweatman 76 (tab3),1,Christian,0,24,Dunning08,1,NA,NA,0,20,40,40,60
23,0.469041575982343,geospiza scandens,cactus finch,13257,Passeriformes,Passeriformes,Emberizidae,"Buntings, American sparrows and allies",192,BL3,40,0,0,0,0,0,20,0,30,10,Omnivore,Other,D2,NA,0,0,40,30,30,0,0,0,Smith & Sweatman 76 (tab3),1,Other,0,22.7,Dunning08,1,NA,NA,0,20,40,40,60
36.5,2.266495091545534,loxia curvirostra,red crossbill,12392,Passeriformes,Passeriformes,Fringillidae,Finches and Hawaiian honeycreepers,188,BL3,20,0,0,0,0,0,0,0,30,50,PlantSeed,Ref_15,A,Jennifer,0,0,0,0,80,20,0,0,Ref_27,1,Jessica,0,38.29,Dunning08,1,NA,NA,0,0,80,20,80
21.8,0.5403702434442518,pyrrhula pyrrhula,northern bullfinch,12404,Passeriformes,Passeriformes,Fringillidae,Finches and Hawaiian honeycreepers,188,BL3,10,0,0,0,0,0,10,0,30,50,PlantSeed,Ref_15,A,Jennifer,0,0,0,50,50,0,0,0,Ref_27,1,Jessica,0,24.26,Dunning08,1,NA,NA,0,10,80,10,90
15,0.33763886032268264,delichon urbica,house martin,10137,Passeriformes,Passeriformes,Hirundinidae,Swallows and martins,156,BL3,100,0,0,0,0,0,0,0,0,0,Invertebrate,Ref_9,A,Carolina,0,0,0,0,33,33,33,0,Ref_9,1,Jessica,0,14.5,Dunning08,1,NA,NA,0,0,0,100,0
16,0.31937438845342625,hirundo rustica,swallow,10074,Passeriformes,Passeriformes,Hirundinidae,Swallows and martins,156,BL3,80,0,0,0,0,0,10,0,10,0,Invertebrate,Ref_9,A,Carolina,0,0,30,30,40,0,0,0,Ref_9,1,Jessica,0,17.91,Dunning08,1,NA,NA,0,10,10,80,20
21.6,0.4979959839195493,petrochelidon pyrrhonota,cliff swallow,10121,Passeriformes,Passeriformes,Hirundinidae,Swallows and martins,156,BL3,100,0,0,0,0,0,0,0,0,0,Invertebrate,Ref_9,A,Carolina,0,0,0,0,0,0,100,0,Ref_9,1,Jessica,0,21.6,Dunning08,1,NA,NA,0,0,0,100,0
29.9,0.2073644135332772,lanius collurio,red-backed shrike,7706,Passeriformes,Passeriformes,Laniidae,Shrikes,140,BL3,60,10,20,0,0,0,10,0,0,0,Invertebrate,Ref_13,A,Carolina,0,0,50,20,10,20,0,0,Genus,0,Walter,0,28.44,Dunning08,1,NA,NA,30,10,0,90,10
66,1.2186057606953942,lanius excubitor,northern shrike,7721,Passeriformes,Passeriformes,Laniidae,Shrikes,140,BL3,10,60,10,0,0,10,10,0,0,0,VertFishScav,Ref_13,A,Carolina,0,0,100,0,0,0,0,0,Ref_34,1,Jessica,0,63.41,Dunning08,1,NA,NA,80,10,0,90,10
45,0.15811388300841897,lichenostomus melanops,helmeted honeyeater,7381,Passeriformes,Passeriformes,Meliphagidae,Honeyeaters,117,BL3,50,0,0,0,0,0,10,40,0,0,Omnivore,Ref_13,A,Carolina,0,0,10,40,40,10,0,0,Ref_37,1,Christian,0,32.3,Dunning08,1,NA,NA,0,50,0,50,50
36.9,0.9343446901438462,dumetella carolinensis,gray catbird,9557,Passeriformes,Passeriformes,Mimidae,Mockingbirds and thrashers,175,BL3,60,0,0,0,0,0,40,0,0,0,Invertebrate,Ref_10,A,Carolina,0,0,0,80,20,0,0,0,Ref_10,1,Jessica,0,35.3,Dunning08,1,NA,NA,0,40,0,60,40
68.8,0.6752777206453653,toxostoma rufum,brown thrasher,9583,Passeriformes,Passeriformes,Mimidae,Mockingbirds and thrashers,175,BL3,50,0,0,0,0,0,30,0,20,0,Omnivore,Ref_10,A,Carolina,0,0,80,20,0,0,0,0,Ref_10,1,Jessica,0,68.8,Dunning08,1,NA,NA,0,30,20,50,50
18,0.15491933384829668,anthus pratensis,meadow pipit,11879,Passeriformes,Passeriformes,Motacillidae,Wagtails and pipits,170,BL3,80,0,0,0,0,0,0,0,20,0,Invertebrate,Ref_9,A,Carolina,0,0,70,20,10,0,0,0,Ref_31,1,Walter; Christian,0,18.4,Dunning08,1,NA,NA,0,0,20,80,20
30,0.31464265445104544,anthus spinoletta,water pipit,11884,Passeriformes,Passeriformes,Motacillidae,Wagtails and pipits,170,BL3,70,0,0,0,0,0,10,0,10,10,Invertebrate,Ref_9,A,Carolina,0,0,80,20,0,0,0,0,Ref_31,1,Christian,0,23.9,Dunning08,1,NA,NA,0,10,20,70,30
23,0.4449719092257398,anthus trivialis,tree pipit,11876,Passeriformes,Passeriformes,Motacillidae,Wagtails and pipits,170,BL3,60,0,0,0,0,0,10,10,10,10,Invertebrate,Ref_9,A,Carolina,0,0,100,0,0,0,0,0,Ref_43,1,Jessica,0,23.33,Dunning08,1,NA,NA,0,20,20,60,40
21,0.3449637662132068,motacilla alba,pied wagtail,11802,Passeriformes,Passeriformes,Motacillidae,Wagtails and pipits,170,BL3,100,0,0,0,0,0,0,0,0,0,Invertebrate,Ref_9,A,Carolina,0,0,100,0,0,0,0,0,Ref_43,1,Jessica,0,23.93,Dunning08,1,NA,NA,0,0,0,100,0
17.6,0.5244044240850758,motacilla flava,yellow wagtail,11815,Passeriformes,Passeriformes,Motacillidae,Wagtails and pipits,170,BL3,70,0,0,0,0,0,10,0,10,10,Invertebrate,Ref_9,A,Carolina,0,0,100,0,0,0,0,0,Ref_43,1,Jessica,0,17.68,Dunning08,1,NA,NA,0,10,20,70,30
73,0.15491933384829668,copsychus sechellarum,seychelles magpie robin,9275,Passeriformes,Passeriformes,Muscicapidae,Chats and Old World flycatchers,167,BL3,50,0,0,0,20,10,20,0,0,0,Omnivore,Ref_10,A,Jennifer,0,0,100,0,0,0,0,0,Ref_11,1,Jessica,0,70.74,Dunning08,1,NA,NA,30,20,0,80,20
18,0.18708286933869708,erithacus rubecula,robin,9206,Passeriformes,Passeriformes,Muscicapidae,Chats and Old World flycatchers,167,BL3,40,0,10,10,0,10,20,0,10,0,Omnivore,Ref_10,A,Carolina,0,0,50,50,0,0,0,0,Ref_11,1,Jessica,0,17.7,Dunning08,1,NA,NA,30,20,10,70,30
13,0.5049752469181039,ficedula albicollis,collared flycatcher,9107,Passeriformes,Passeriformes,Muscicapidae,Chats and Old World flycatchers,167,BL3,90,0,0,0,0,0,10,0,0,0,Invertebrate,Ref_11,A,Hamish,0,0,0,0,20,80,0,0,Ref_11,1,Jessica,0,12.69,Dunning08,1,NA,NA,0,10,0,90,10
13,0.28982753492378877,ficedula hypoleuca,pied flycatcher,9105,Passeriformes,Passeriformes,Muscicapidae,Chats and Old World flycatchers,167,BL3,100,0,0,0,0,0,0,0,0,0,Invertebrate,Ref_11,A,Hamish,0,0,0,33,33,33,0,0,Ref_11,1,Jessica,0,13.79,Dunning08,1,NA,NA,0,0,0,100,0
10.7,0.28809720581775866,ficedula parva,red-breasted flycatcher,9115,Passeriformes,Passeriformes,Muscicapidae,Chats and Old World flycatchers,167,BL3,100,0,0,0,0,0,0,0,0,0,Invertebrate,Ref_11,A,Hamish,0,0,0,30,50,20,0,0,Ref_11,1,Jessica,0,10.8,Dunning08,1,NA,NA,0,0,0,100,0
18.3,0.2469817807045694,luscinia megahrynchos,nightingale,9213,Passeriformes,Passeriformes,Muscicapidae,Chats and Old World flycatchers,167,BL3,70,0,0,0,0,0,20,0,10,0,Invertebrate,Ref_10,A,Carolina,0,0,70,30,0,0,0,0,Ref_11,1,Jessica,0,19.6,Dunning08,1,NA,NA,0,20,10,70,30
18.2,0.6826419266350405,luscinia svecica,bluethroat,9216,Passeriformes,Passeriformes,Muscicapidae,Chats and Old World flycatchers,167,BL3,60,0,10,0,0,0,20,0,10,0,Invertebrate,Ref_10,A,Carolina,0,0,50,50,0,0,0,0,Ref_11,1,Jessica,0,17.23,Dunning08,1,NA,NA,10,20,10,70,30
14.6,0.24899799195977465,muscicapa striata,spotted flycatcher,9073,Passeriformes,Passeriformes,Muscicapidae,Chats and Old World flycatchers,167,BL3,80,0,0,0,0,0,20,0,0,0,Invertebrate,Ref_11,A,Hamish,0,0,60,40,0,0,0,0,Ref_11,1,Jessica,0,15.9,Dunning08,1,NA,NA,0,20,0,80,20
23,0.25495097567963926,oenanthe oenanthe,wheatear,9353,Passeriformes,Passeriformes,Muscicapidae,Chats and Old World flycatchers,167,BL3,70,0,0,0,0,0,20,0,10,0,Invertebrate,Ref_10,A,Carolina,0,0,100,0,0,0,0,0,Ref_11,1,Jessica,0,25.39,Dunning08,1,NA,NA,0,20,10,70,30
16.5,0.403732584763727,phoenicurus ochruros,black redstart,9291,Passeriformes,Passeriformes,Muscicapidae,Chats and Old World flycatchers,167,BL3,60,0,0,0,0,0,30,0,10,0,Invertebrate,Ref_10,A,Carolina,0,0,60,40,0,0,0,0,Ref_11,1,Jessica,0,16.5,Dunning08,1,NA,NA,0,30,10,60,40
15,0.2345207879911715,phoenicurus phoenicurus,common redstart,9292,Passeriformes,Passeriformes,Muscicapidae,Chats and Old World flycatchers,167,BL3,80,0,0,0,0,0,20,0,0,0,Invertebrate,Ref_10,A,Carolina,0,0,20,40,40,0,0,0,Ref_11,1,Jessica,0,14.59,Dunning08,1,NA,NA,0,20,0,80,20
19.8,0.5357238094391549,parus afer,coal tit,9896,Passeriformes,Passeriformes,Paridae,Tits and chickadees,154,BL3,40,0,0,0,0,10,0,10,20,20,Omnivore,Ref_12,A,Jennifer,0,0,100,0,0,0,0,0,Ref_12,1,Jessica,0,9.2,Dunning08,1,NA,NA,10,10,40,50,50
13.3,0.4242640687119285,parus caeruleus,blue tit,9936,Passeriformes,Passeriformes,Paridae,Tits and chickadees,154,BL3,50,0,0,0,0,0,20,10,20,0,Omnivore,Ref_12,A,Jennifer,0,0,10,30,30,30,0,0,Ref_12,1,Jessica,0,13.3,PrimScale,1,NA,NA,0,30,20,50,50
19,0.433589667773576,parus major,great tit,9922,Passeriformes,Passeriformes,Paridae,Tits and chickadees,154,BL3,40,0,0,0,0,10,20,10,20,0,Omnivore,Ref_12,A,Jennifer,0,0,0,20,60,20,0,0,Ref_12,1,Jessica,0,16.25,Dunning08,1,NA,NA,10,30,20,50,50
10,0.7218032973047436,parus montanus,willow tit,9877,Passeriformes,Passeriformes,Paridae,Tits and chickadees,154,BL3,60,0,0,0,0,0,20,0,20,0,Invertebrate,Ref_12,A,Jennifer,0,0,0,20,80,0,0,0,Ref_12,1,Jessica,0,11.1,Dunning08,1,NA,NA,0,20,20,60,40
10.6,0.5665686189686118,parus palustris,marsh tit,9870,Passeriformes,Passeriformes,Paridae,Tits and chickadees,154,BL3,50,0,0,0,0,0,20,0,20,10,Omnivore,Ref_12,A,Jennifer,0,0,0,20,80,0,0,0,Ref_12,1,Jessica,0,11.14,Dunning08,1,NA,NA,0,20,30,50,50
10,0.2683281572999748,dendroica caerulescens,black-throated blue warbler,12691,Passeriformes,Passeriformes,Parulidae,New World warblers,171,BL3,70,0,0,0,0,0,10,10,10,0,Invertebrate,Ref_15,A,Jennifer,0,0,0,40,40,20,0,0,Ref_29,1,Other,0,10.14,Dunning08,1,NA,NA,0,20,10,70,30
10,0.7563068160475614,dendroica fusca,blackburnian warbler,12701,Passeriformes,Passeriformes,Parulidae,New World warblers,171,BL3,80,0,0,0,0,0,20,0,0,0,Invertebrate,Ref_15,A,Jennifer,0,0,0,0,20,60,20,0,Ref_29,1,Jessica,0,9.74,Dunning08,1,NA,NA,0,20,0,80,20
8.8,0.2683281572999748,dendroica virens,black-throated green warbler,12699,Passeriformes,Passeriformes,Parulidae,New World warblers,171,BL3,60,0,0,0,0,0,20,0,0,20,Invertebrate,Ref_15,A,Jennifer,0,0,0,20,60,20,0,0,Ref_29,1,Jessica,0,8.69,Dunning08,1,NA,NA,0,20,20,60,40
10,0.7707139547199077,geothlypis trichas,common yellowthroat,12733,Passeriformes,Passeriformes,Parulidae,New World warblers,171,BL3,100,0,0,0,0,0,0,0,0,0,Invertebrate,Ref_15,A,Jennifer,0,0,0,80,20,0,0,0,Ref_29,1,Jessica,0,9.54,Dunning08,1,NA,NA,0,0,0,100,0
25,0.5558776843874919,icteria virens,yellow-breasted chat,12799,Passeriformes,Passeriformes,Parulidae,New World warblers,171,BL3,80,0,0,0,0,0,20,0,0,0,Invertebrate,Ref_15,A,Jennifer,0,0,0,100,0,0,0,0,Ref_29,1,Jessica,0,24.89,Dunning08,1,NA,NA,0,20,0,80,20
8,0.3714835124201342,setophaga ruticilla,american redstart,12720,Passeriformes,Passeriformes,Parulidae,New World warblers,171,BL3,80,0,0,0,0,0,10,0,10,0,Invertebrate,Ref_15,A,Jennifer,0,0,0,0,80,20,0,0,Ref_29,1,Jessica,0,8.24,Dunning08,1,NA,NA,0,10,10,80,20
28,0.7252585745787499,passer domesticus,house sparrow,11753,Passeriformes,Passeriformes,Passeridae,"Sparrows, snowfinches and allies",183,BL3,10,0,0,0,0,0,0,0,60,30,PlantSeed,Ref_14,A,Carolina,0,0,50,50,0,0,0,0,Ref_27,1,Jessica,0,26.51,Dunning08,1,NA,NA,0,0,90,10,90
23,0.3331666249791536,petroica traversi,black robin,7642,Passeriformes,Passeriformes,Petroicidae,Australasian robins,150,BL3,100,0,0,0,0,0,0,0,0,0,Invertebrate,Ref_12,A,Jennifer,0,0,100,0,0,0,0,0,Ref_12,1,Jessica,0,23.5,Dunning08,1,NA,NA,0,0,0,100,0
19.7,0.38600518131237566,prunella modularis,hedge sparrow or dunnock,11910,Passeriformes,Passeriformes,Prunellidae,Accentors,186,BL3,50,0,0,0,0,0,0,0,50,0,Omnivore,Ref_10,A,Carolina,0,0,100,0,0,0,0,0,Ref_10,1,Jessica,0,20.24,Dunning08,1,NA,NA,0,0,50,50,50
21,0.8683317338436964,sitta carolinensis,white-breasted nuthatch,9636,Passeriformes,Passeriformes,Sittidae,Nuthatches and Wallcreeper,173,BL3,50,0,0,0,0,0,0,0,50,0,Omnivore,Ref_13,A,Carolina,0,0,0,33,33,33,0,0,"Ref_46
",1,Christian,0,21,Dunning08,1,NA,NA,0,0,50,50,50
22,0.5468089245796927,sitta europaea,nuthatch,9616,Passeriformes,Passeriformes,Sittidae,Nuthatches and Wallcreeper,173,BL3,70,0,0,0,0,0,0,10,10,10,Invertebrate,Ref_13,A,Carolina,0,0,33,33,33,0,0,0,Ref_38,1,Jessica,0,20.37,Dunning08,1,NA,NA,0,10,20,70,30
82,0.45166359162544856,sturnus vulgaris,starling,9510,Passeriformes,Passeriformes,Sturnidae,Starlings,177,BL3,20,0,10,0,0,10,30,10,20,0,Omnivore,Ref_14,A,Carolina,0,0,80,20,0,0,0,0,Ref_36,1,Jessica,0,77.14,Dunning08,1,NA,NA,20,40,20,40,60
12,0.4669047011971501,acrocephalus schoenobaenus,sedge warbler,10791,Passeriformes,Passeriformes,Sylviidae,Old World warblers,161,BL3,70,0,0,0,0,0,10,0,10,10,Invertebrate,Ref_11,A,Jennifer,0,0,20,60,20,0,0,0,Ref_11,1,Jessica,0,11.83,Dunning08,1,NA,NA,0,10,20,70,30
12.3,0.35916569992135944,acrocephalus scirpaceus,reed warbler,10797,Passeriformes,Passeriformes,Sylviidae,Old World warblers,161,BL3,70,0,0,0,0,0,10,0,10,10,Invertebrate,Ref_11,A,Jennifer,0,0,20,80,0,0,0,0,Ref_11,1,Jessica,0,12.3,Dunning08,1,NA,NA,0,10,20,70,30
14.6,0.30983866769659335,hippolais icterina,icterine warbler,10842,Passeriformes,Passeriformes,Sylviidae,Old World warblers,161,BL3,80,0,0,0,0,0,20,0,0,0,Invertebrate,Ref_11,A,Jennifer,0,0,0,0,20,80,0,0,Ref_11,1,Jessica,0,13.2,Dunning08,1,NA,NA,0,20,0,80,20
8,0.3687817782917155,phylloscopus collybita,chiffchaff,10929,Passeriformes,Passeriformes,Sylviidae,Old World warblers,161,BL3,80,0,0,0,0,0,10,0,10,0,Invertebrate,Ref_11,A,Jennifer,0,0,25,25,25,25,0,0,Ref_11,1,Jessica,0,8.3,Dunning08,1,NA,NA,0,10,10,80,20
8,0.8683317338436964,phylloscopus sibilatrix,wood warbler,10941,Passeriformes,Passeriformes,Sylviidae,Old World warblers,161,BL3,80,0,0,0,0,0,20,0,0,0,Invertebrate,Ref_11,A,Jennifer,0,0,0,50,0,50,0,0,Ref_11,1,Jessica,0,9.2,Dunning08,1,NA,NA,0,20,0,80,20
9,0.469041575982343,phylloscopus trochilus,willow warbler,10927,Passeriformes,Passeriformes,Sylviidae,Old World warblers,161,BL3,80,0,0,0,0,0,10,0,10,0,Invertebrate,Ref_11,A,Jennifer,0,0,0,0,30,70,0,0,Ref_11,1,Jessica,0,8.7,Dunning08,1,NA,NA,0,10,10,80,20
5.7,0.4147288270665544,regulus regulus,goldcrest,10159,Passeriformes,Passeriformes,Reguliidae,Goldcrests and kinglets,166,BL3,100,0,0,0,0,0,0,0,0,0,Invertebrate,Ref_11,A,Jennifer,0,0,0,50,50,0,0,0,Ref_11,1,Jessica,0,5.54,Dunning08,1,NA,NA,0,0,0,100,0
15.5,0.5205766033928149,sylvia atricapilla,blackcap,11383,Passeriformes,Passeriformes,Sylviidae,Old World warblers,161,BL3,50,0,0,0,0,0,30,10,10,0,Omnivore,Ref_11,A,Jennifer,0,0,0,0,100,0,0,0,Ref_11,1,Jessica,0,16.7,Dunning08,1,NA,NA,0,40,10,50,50
14,0.5079370039680118,sylvia borin,garden warbler,11384,Passeriformes,Passeriformes,Sylviidae,Old World warblers,161,BL3,50,0,0,0,0,0,40,10,0,0,Omnivore,Ref_11,A,Jennifer,0,0,0,60,20,20,0,0,Ref_11,1,Jessica,0,18.2,Dunning08,1,NA,NA,0,50,0,50,50
14.5,0.22135943621178655,sylvia communis,whitethroat,11385,Passeriformes,Passeriformes,Sylviidae,Old World warblers,161,BL3,60,0,0,0,0,0,30,0,10,0,Invertebrate,Ref_11,A,Jennifer,0,0,0,100,0,0,0,0,Ref_11,1,Jessica,0,15.1,Dunning08,1,NA,NA,0,30,10,60,40
10,0.408656334834051,sylvia curruca,lesser whitethroat,11386,Passeriformes,Passeriformes,Sylviidae,Old World warblers,161,BL3,60,0,0,0,0,0,20,10,10,0,Invertebrate,Ref_11,A,Jennifer,0,0,0,33,33,33,0,0,Ref_11,1,Jessica,0,11.44,Dunning08,1,NA,NA,0,30,10,60,40
73,0.33763886032268264,turdoides squamiceps,arabian babbler,11241,Passeriformes,Passeriformes,Timaliidae,Babblers and parrotbills,163,BL3,50,0,10,0,0,10,10,10,10,0,Omnivore,Ref_12,A,Jennifer,0,0,50,50,0,0,0,0,Ref_11,1,Jessica,0,72.88,Dunning08,1,NA,NA,20,20,10,70,30
10.9,0.5176871642217914,troglodytes aedon,house wren,9753,Passeriformes,Passeriformes,Troglodytidae,Wrens,162,BL3,80,0,0,0,0,0,0,0,0,20,Invertebrate,Ref_10,A,Carolina,0,0,0,100,0,0,0,0,Ref_10,1,Jessica,0,10.85,Dunning08,1,NA,NA,0,0,20,80,20
9,0.6928203230275509,troglodytes troglodytes,wren,9750,Passeriformes,Passeriformes,Troglodytidae,Wrens,162,BL3,60,0,10,10,0,0,10,0,10,0,Invertebrate,Ref_10,A,Carolina,0,0,50,50,0,0,0,0,Ref_10,1,Walter; Jessica,0,9.74,Dunning08,1,NA,NA,20,10,10,80,20
31,0.5128352561983234,catharus fuscescens,veery,8902,Passeriformes,Passeriformes,Turdidae,Thrushes,178,BL3,50,0,0,0,0,0,40,0,10,0,Omnivore,Ref_10,A,Carolina,0,0,100,0,0,0,0,0,Ref_10,1,Jessica,0,31.9,Dunning08,1,NA,NA,0,40,10,50,50
31,0.552268050859363,catharus guttatus,hermit thrush,8909,Passeriformes,Passeriformes,Turdidae,Thrushes,178,BL3,80,0,0,0,0,0,20,0,0,0,Invertebrate,Ref_10,A,Carolina,0,0,50,50,0,0,0,0,Ref_10,1,Jessica,0,30.1,Dunning08,1,NA,NA,0,20,0,80,20
31,0.36055512754639896,catharus ustulatus,swainson's thrush,8906,Passeriformes,Passeriformes,Turdidae,Thrushes,178,BL3,60,0,0,0,0,0,40,0,0,0,Invertebrate,Ref_10,A,Carolina,0,0,50,50,0,0,0,0,Ref_10,1,Jessica,0,30.3,Dunning08,1,NA,NA,0,40,0,60,40
52,0.5310367218940701,hylocichla mustelina,wood thrush,8910,Passeriformes,Passeriformes,Turdidae,Thrushes,178,BL3,60,0,0,0,0,0,40,0,0,0,Invertebrate,Ref_10,A,Carolina,0,0,80,20,0,0,0,0,Ref_10,1,Jessica,0,50.09,Dunning08,1,NA,NA,0,40,0,60,40
61,0.3535533905932738,turdus iliacus,redwing,8964,Passeriformes,Passeriformes,Turdidae,Thrushes,178,BL3,40,0,0,0,0,0,30,0,20,10,Omnivore,Ref_10,A,Carolina,0,0,50,50,0,0,0,0,Ref_10,1,Jessica,0,61.2,Dunning08,1,NA,NA,0,30,30,40,60
113,0.32710854467592254,turdus merula,blackbird,8941,Passeriformes,Passeriformes,Turdidae,Thrushes,178,BL3,50,0,0,0,10,0,20,0,20,0,Omnivore,Ref_10,A,Jennifer,0,0,60,20,20,0,0,0,Ref_10,1,Jessica,0,102.73,Dunning08,1,NA,NA,10,20,20,60,40
77,0.752329714952161,turdus migratorius,american robin,9007,Passeriformes,Passeriformes,Turdidae,Thrushes,178,BL3,50,0,0,0,0,0,50,0,0,0,Omnivore,Ref_10,A,Carolina,0,0,20,40,40,0,0,0,Ref_10,1,Jessica,0,78.5,Dunning08,1,NA,NA,0,50,0,50,50
68,0.532916503778969,turdus philomelos,song thrush,8965,Passeriformes,Passeriformes,Turdidae,Thrushes,178,BL3,40,0,0,0,0,0,30,0,30,0,Omnivore,Ref_10,A,Carolina,0,0,100,0,0,0,0,0,Ref_10,1,Jessica,0,67.74,Dunning08,1,NA,NA,0,30,30,40,60
106,0.6457553716385176,turdus pilaris,fieldfare,8963,Passeriformes,Passeriformes,Turdidae,Thrushes,178,BL3,70,0,0,0,0,0,30,0,0,0,Invertebrate,Ref_10,A,Carolina,0,0,60,20,20,0,0,0,Ref_10,1,Jessica,0,106,Dunning08,1,NA,NA,0,30,0,70,30
23.8,0.47853944456021597,luscinia luscinia,thrush nightingale,9212,Passeriformes,Passeriformes,Muscicapidae,Chats and Old World flycatchers,167,BL3,70,0,0,0,0,0,10,0,20,0,Invertebrate,Ref_10,A,Carolina,0,0,70,30,0,0,0,0,Ref_11,1,Jessica,0,23.8,Dunning08,1,NA,NA,0,10,20,70,30
14,0.4219004621945797,contopus virens,eastern wood-pewee,6028,Passeriformes,Passeriformes,Tyrannidae,Tyrant-flycatchers,105,BL3,90,0,0,0,0,0,10,0,0,0,Invertebrate,Ref_9,A,Carolina,0,0,33,33,33,0,0,0,Ref_9,1,Jessica,0,13.9,Dunning08,1,NA,NA,0,10,0,90,10
10,0.6220932405998316,empidonax minimus,least flycatcher,6042,Passeriformes,Passeriformes,Tyrannidae,Tyrant-flycatchers,105,BL3,90,0,0,0,0,0,10,0,0,0,Invertebrate,Ref_9,A,Carolina,0,0,0,80,20,0,0,0,Ref_9,1,Jessica,0,10,Dunning08,1,NA,NA,0,10,0,90,10
33.5,0.39496835316262996,myiarchus crinitus,great crested flycatcher,6168,Passeriformes,Passeriformes,Tyrannidae,Tyrant-flycatchers,105,BL3,60,0,0,0,0,0,40,0,0,0,Invertebrate,Ref_9,A,Carolina,0,0,100,0,0,0,0,0,Ref_9,1,Jessica,0,32.1,Dunning08,1,NA,NA,0,40,0,60,40
11.4,0.8111719916269299,vireo griseus,white-eyed vireo,7763,Passeriformes,Passeriformes,Vireonidae,Vireos and allies,141,BL3,70,0,0,0,0,0,10,0,0,20,Invertebrate,Ref_15,A,Jennifer,0,0,0,40,40,20,0,0,Ref_46,1,Christian,0,11.4,Dunning08,1,NA,NA,0,10,20,70,30
16.7,0.5019960159204453,vireo olivaceus,red-eyed vireo,7791,Passeriformes,Passeriformes,Vireonidae,Vireos and allies,141,BL3,60,0,0,0,0,0,20,0,20,0,Invertebrate,Ref_15,A,Jennifer,0,0,0,0,20,80,0,0,Ref_33,1,Christian,0,16.06,Dunning08,1,NA,NA,0,20,20,60,40
14,0.4,vireo philadelphicus,philadelphia vireo,7790,Passeriformes,Passeriformes,Vireonidae,Vireos and allies,141,BL3,70,0,0,0,0,0,20,0,10,0,Invertebrate,Ref_15,A,Jennifer,0,0,0,0,50,50,0,0,"Ref_46
",1,Christian,0,11.5,Dunning08,1,NA,NA,0,20,10,70,30
12.9,0.22360679774997896,zosterops lateralis,heron island silvereye,10634,Passeriformes,Passeriformes,Zosteropidae,White-eyes,164,BL3,40,0,0,0,0,0,30,20,0,10,Omnivore,Ref_13,A,Carolina,0,0,10,50,20,20,0,0,Ref_37,1,Jessica,0,12.68,Dunning08,1,NA,NA,0,50,10,40,60
1769,0.41231056256176607,phalacrocorax aristotelis,european shag,5117,Nonpasseriformes,Suliformes,Phalacrocoracidae,Cormorants,32,BL3,0,0,0,100,0,0,0,0,0,0,VertFishScav,Ref_1,A,Jennifer,100,0,0,0,0,0,0,1,Ref_1,1,Jessica,0,1764.34,Dunning08,1,NA,NA,100,0,0,100,0
2110,0.23021728866442676,phalacrocorax carbo,great cormorant,5094,Nonpasseriformes,Suliformes,Phalacrocoracidae,Cormorants,32,BL3,10,0,10,80,0,0,0,0,0,0,VertFishScav,Ref_1,A,Jennifer,100,0,0,0,0,0,0,0,Ref_1,1,Jessica,0,2528.97,Dunning08,1,NA,NA,90,0,0,100,0
132,0.4404543109109048,colaptes auratus,common flicker,1001,Nonpasseriformes,Piciformes,Picidae,Woodpeckers,95,BL3,70,0,0,0,0,0,20,0,10,0,Invertebrate,Ref_7,A,Jennifer,0,0,100,0,0,0,0,0,Ref_7,1,Jessica,0,131.46,Dunning08,1,NA,NA,0,20,10,70,30
59,0.2863564212655271,dendrocopos medius,middle spotted woodpecker,946,Nonpasseriformes,Piciformes,Picidae,Woodpeckers,95,BL3,70,0,0,0,0,0,20,0,10,0,Invertebrate,Ref_7,A,Jennifer,0,0,10,30,30,30,0,0,Ref_7,1,Jessica,0,59,Dunning08,1,NA,NA,0,20,10,70,30
62,0.48373546489791297,melanerpes carolinus,red-bellied woodpecker,895,Nonpasseriformes,Piciformes,Picidae,Woodpeckers,95,BL3,30,10,10,0,0,0,20,10,20,0,Omnivore,Ref_7,A,Jennifer,0,0,0,0,20,60,20,0,Ref_7,1,Jessica,0,69.5,Dunning08,1,NA,NA,20,30,20,50,50
71.6,0.5253570214625479,melanerpes erythrocephalus,red-headed woodpecker,881,Nonpasseriformes,Piciformes,Picidae,Woodpeckers,95,BL3,60,0,0,0,10,0,0,0,20,10,Invertebrate,Ref_7,A,Jennifer,0,0,20,20,60,0,0,0,Ref_7,1,Jessica,0,71.6,Dunning08,1,NA,NA,10,0,30,70,30
27,0.4012480529547776,picoides pubescens,downy woodpecker,960,Nonpasseriformes,Piciformes,Picidae,Woodpeckers,95,BL3,80,0,0,0,0,0,10,0,10,0,Invertebrate,Ref_7,A,Jennifer,0,0,0,20,40,40,0,0,Ref_7,1,Jessica,0,25.55,Dunning08,1,NA,NA,0,10,10,80,20
66,0.47958315233127197,picoides villosus,hairy woodpecker,965,Nonpasseriformes,Piciformes,Picidae,Woodpeckers,95,BL3,70,0,0,0,0,0,10,10,10,0,Invertebrate,Ref_7,A,Jennifer,0,0,20,30,50,0,0,0,Ref_7,1,Jessica,0,62.65,Dunning08,1,NA,NA,0,20,10,70,30
81,0.2645751311064591,melanerpes formicivorus,acorn woodpecker,882,Nonpasseriformes,Piciformes,Picidae,Woodpeckers,95,BL3,20,0,0,0,0,0,10,10,60,0,PlantSeed,Ref_7,A,Jennifer,0,0,0,0,40,60,0,0,Ref_7,1,Other,0,79.62,Dunning08,1,NA,NA,0,20,60,20,80
43.6,0.10954451150103323,picoides borealis,red-cockaded woodpecker,961,Nonpasseriformes,Piciformes,Picidae,Woodpeckers,95,BL3,70,0,0,0,0,0,20,0,10,0,Invertebrate,Ref_7,A,Jennifer,0,0,0,50,50,0,0,0,Ref_7,1,Jessica,0,47.99,Dunning08,1,NA,NA,0,20,10,70,30
674,0.9984988733093293,podiceps cristatus,great crested grebe,5012,Nonpasseriformes,Podicipediformes,Podicipedidae,Grebes,21,BL3,30,0,10,60,0,0,0,0,0,0,VertFishScav,Ref_1,A,Jennifer,70,30,0,0,0,0,0,0,Ref_1,1,Jessica,0,730.96,Dunning08,1,NA,NA,70,0,0,100,0
544,0.3065941943351178,fulmarus glacialis,fulmar,5462,Nonpasseriformes,Procellariiformes,Procellariidae,Petrels and shearwaters,18,BL3,40,0,0,60,0,0,0,0,0,0,VertFishScav,Ref_1,A,Jennifer,20,80,0,0,0,0,0,1,Ref_1,1,Jessica,0,611.94,Dunning08,1,NA,NA,60,0,0,100,0
7650,0.10488088481701516,diomedea exulans,wandering albatross,5575,Nonpasseriformes,Procellariiformes,Diomedeidae,Albatrosses,17,BL3,90,0,0,10,0,0,0,0,0,0,Invertebrate,Ref_1,A,Jennifer,0,100,0,0,0,0,0,1,Ref_1,1,Jessica,0,6961.29,Dunning08,1,NA,NA,10,0,0,100,0
275,0.1341640786499874,amazona vittata,puerto rican parrot,2285,Nonpasseriformes,Psittaciformes,Psittacidae,Parrots,68,BL3,0,0,0,0,0,0,30,0,30,40,PlantSeed,Ref_4,A,Carolina,0,0,0,30,50,20,0,0,Ref_4,1,Jessica,0,279.28,Dunning08,1,NA,NA,0,30,70,0,100
177,2.503597411725775,pterocles namaqua,namaqua sandgrouse,4002,Nonpasseriformes,Pteroclidiformes,Pteroclididae,Sandgrouse,64,BL3,10,0,0,0,0,0,0,0,90,0,PlantSeed,Ref_4,A,Carolina,0,0,70,30,0,0,0,0,Ref_4,1,Jessica,0,177,Dunning08,1,NA,NA,0,0,90,10,90
1000,0.10488088481701516,megadyptes antipodes,yellow-eyed penguin,5427,Nonpasseriformes,Sphenisciformes,Spheniscidae,Penguins,15,BL3,20,0,0,80,0,0,0,0,0,0,VertFishScav,Ref_1,A,Jennifer,100,0,0,0,0,0,0,1,Ref_1,1,Walter,0,5326.24,Dunning08,1,NA,NA,80,0,0,100,0
135,1.3183322798141597,aegolius funereus,tengmalm's owl,3073,Nonpasseriformes,Strigiformes,Strigidae,Owls,71,BL3,30,70,0,0,0,0,0,0,0,0,VertFishScav,Ref_5,A,Hamish,0,0,90,10,0,0,0,0,Ref_5,1,Christian,1,137.18,Dunning08,1,NA,NA,70,0,0,100,0
262,1.3780420893427021,asio otus,long-eared owl,3106,Nonpasseriformes,Strigiformes,Strigidae,Owls,71,BL3,0,100,0,0,0,0,0,0,0,0,VertFishScav,Ref_5,A,Hamish,0,0,80,10,10,0,0,0,Ref_5,1,Christian,1,296.57,Dunning08,1,NA,NA,100,0,0,100,0
1543,0.8408329203831163,bubo virginianus,great horned owl,2961,Nonpasseriformes,Strigiformes,Strigidae,Owls,71,BL3,10,90,0,0,0,0,0,0,0,0,VertFishScav,Ref_5,A,Hamish,0,10,80,10,0,0,0,0,Ref_5,1,Christian,1,1575.7,PrimScale,1,NA,NA,90,0,0,100,0
785,0.5761944116355173,strix uralensis,ural owl,3002,Nonpasseriformes,Strigiformes,Strigidae,Owls,71,BL3,10,90,0,0,0,0,0,0,0,0,VertFishScav,Ref_5,A,Hamish,0,0,80,20,0,0,0,0,Ref_5,1,Christian,1,780.56,Dunning08,1,NA,NA,90,0,0,100,0
322,1.8976301009416983,surnia ulula,northern hawk owl,3015,Nonpasseriformes,Strigiformes,Strigidae,Owls,71,BL3,0,90,0,0,10,0,0,0,0,0,VertFishScav,Ref_5,A,Hamish,0,0,80,20,0,0,0,0,Ref_5,1,Christian,1,319.9,Dunning08,1,NA,NA,100,0,0,100,0
520,0.40987803063838396,tyto alba,barn owl,2878,Nonpasseriformes,Strigiformes,Tytonidae,Barn owls,70,BL3,10,80,10,0,0,0,0,0,0,0,VertFishScav,Ref_5,A,Hamish,0,0,90,10,0,0,0,0,Ref_5,1,Christian,1,403.32,Dunning08,1,NA,NA,90,0,0,100,0
610,0.5639148871948674,mergus cucullatus,hooded merganser,762,Nonpasseriformes,Anseriformes,Anatidae,"Ducks, geese and swans",14,BL3,40,0,10,30,0,0,0,0,10,10,Omnivore,Ref_1,A,Jennifer,80,20,0,0,0,0,0,0,Ref_1,1,Jessica,0,613.77,Dunning08,1,NA,NA,40,0,20,80,20
300,0.28809720581775866,columba mayeri,pink pigeon,3375,Nonpasseriformes,Columbiformes,Columbidae,Doves and pigeons,65,BL3,0,0,0,0,0,0,0,0,0,100,PlantSeed,Ref_4,A,Carolina,0,0,40,10,40,10,0,0,Ref_4,1,Other,0,302.76,Dunning08,1,NA,NA,0,0,100,0,100
559,0.6418722614352484,lagopus lagopus lagopus scoticus,red grouse,423,Nonpasseriformes,Galliformes,Phasianidae,"Grouse, pheasants and partridges",11,BL3,0,0,0,0,0,0,10,0,0,90,PlantSeed,Ref_2,A,Jennifer,0,0,100,0,0,0,0,0,Ref_2,1,Jessica,0,566.86,Dunning08,1,NA,NA,0,10,90,0,100
422,0.9,lagopus mutus,rock ptarmigan,426,Nonpasseriformes,Galliformes,Phasianidae,"Grouse, pheasants and partridges",11,BL3,0,0,0,0,0,0,20,0,10,70,PlantSeed,Ref_2,A,Jennifer,0,0,80,20,0,0,0,0,Ref_2,1,Jessica,0,535.3,Dunning08,1,NA,NA,0,20,80,0,100
21.6,0.6782329983125268,parus bicolor,tufted titmouse,9954,Passeriformes,Passeriformes,Paridae,Tits and chickadees,154,BL3,60,0,0,0,0,0,0,0,40,0,Invertebrate,Ref_12,A,Jennifer,0,0,20,20,40,20,0,0,Ref_12,1,Jessica,0,21.6,Dunning08,1,NA,NA,0,0,40,60,40
11,0.36055512754639896,poecile atricapillus,black-capped chickadee,9881,Passeriformes,Passeriformes,Paridae,Tits and chickadees,154,BL3,60,0,0,0,0,0,20,0,20,0,Invertebrate,Ref_12,A,Jennifer,0,0,0,20,80,0,0,0,Ref_12,1,Jessica,0,10.8,Dunning08,1,NA,NA,0,20,20,60,40
19.4,0.30495901363953815,seiurus aurocapillus,ovenbird,12724,Passeriformes,Passeriformes,Parulidae,New World warblers,171,BL3,70,0,10,0,0,0,10,0,10,0,Invertebrate,Ref_15,A,Jennifer,0,0,80,20,0,0,0,0,Ref_29,1,Jessica,0,18.8,Dunning08,1,NA,NA,10,10,10,80,20
83,0.130384048104053,ixoreus naevius,varied thrush,8836,Passeriformes,Passeriformes,Turdidae,Thrushes,178,BL3,30,0,0,0,0,0,70,0,0,0,FruiNect,Ref_10,A,Carolina,0,0,80,20,0,0,0,0,Ref_10,1,Jessica,0,77.5,Dunning08,1,NA,NA,0,70,0,30,70
