assessmentId,internalTaxonId,scientificName,kingdomName,phylumName,orderName,className,familyName,genusName,speciesName,infraType,infraName,infraAuthority,authority,redlistCategory,redlistCriteria,criteriaVersion,populationTrend,scopes,candidate,scientific_resolved,SpecID,PassNonPass,IOCOrder,BLFamilyLatin,BLFamilyEnglish,BLFamSequID,Taxo,English,Diet.Inv,Diet.Vend,Diet.Vect,Diet.Vfish,Diet.Vunk,Diet.Scav,Diet.Fruit,Diet.Nect,Diet.Seed,Diet.PlantO,Diet.5Cat,Diet.Source,Diet.Certainty,Diet.EnteredBy,ForStrat.watbelowsurf,ForStrat.wataroundsurf,ForStrat.ground,ForStrat.understory,ForStrat.midhigh,ForStrat.canopy,ForStrat.aerial,PelagicSpecialist,ForStrat.Source,ForStrat.SpecLevel,ForStrat.EnteredBy,Nocturnal,BodyMass.Value,BodyMass.Source,BodyMass.SpecLevel,BodyMass.Comment,Record.Comment,Diet.VertFishScav,Diet.FruiNect,Diet.PlantSeed,Diet.AllPlants,Effect_Order,Effect_Family,Effect_Species,effect_diet,effect_mass,log10_density,density,body_mass_kg,home_range_size,dispersal_dist,min_patch_size,min_patch_size500,level1_habitats,habitats_mixed,diet_combo,mass_log10,a_pred,b_pred
118448748,22684184,coua verreauxi,ANIMALIA,CHORDATA,cuculiformes,AVES,cuculidae,Coua,verreauxi,NA,NA,NA,"Grandidier, 1867",Least Concern,NA,3.1,Decreasing,Global,NA,coua verreauxi,1815,Nonpasseriformes,Cuculiformes,Cuculidae,Cuckoos,67,BL3,Verreaux's Coua,80,0,0,0,0,0,20,0,0,0,Invertebrate,Ref_4,A,Carolina,0,0,0,0,60,40,0,0,Ref_4,1,Jessica,0,203.75,GenAvg,0,NA,NA,0,20,0,20,-0.065712095,-0.006864233,0,0.181241393478166,-0.7880432456465748,0.6300958679997611,4.266736941617376,0.20375,0.753875,10.419117045124313,2.3437113974524375,117.18556987262188,NA,NA,80_20_0,2.3090976174120144,38914453.37130443,2.4916480011772895
118899364,22698777,neodrepanis hypoxantha,ANIMALIA,CHORDATA,passeriformes,AVES,philepittidae,Neodrepanis,hypoxantha,NA,NA,NA,"Salomonsen, 1933",Vulnerable,A3bc,3.1,Decreasing,Global,NA,neodrepanis hypoxantha,5730,Passeriformes,Passeriformes,Philepittidae,Asities,100,BL3,Yellow-bellied Asity,20,0,0,0,0,0,0,80,0,0,FruiNect,Ref_8,A,Jennifer,0,0,0,0,40,60,0,0,Ref_8,1,Jessica,0,7.1,Dunning08,1,NA,NA,0,80,0,80,0.637010004,0,0,0.42760614375972505,-0.2905153887604689,2.0835748071674263,121.22014723372202,0.0070999999999999995,0.026269999999999998,1.944962724578546,0.08249453765073565,4.124726882536782,NA,NA,20_80_0,0.8512583487190752,3419001.5775840394,1.8089982138458005
126620242,22715078,randia pseudozosterops,ANIMALIA,CHORDATA,passeriformes,AVES,bernieridae,Randia,pseudozosterops,NA,NA,NA,"Delacour & Berlioz, 1931",Near Threatened,A2c+3c+4c,3.1,Decreasing,Global,NA,randia pseudozosterops,10878,Passeriformes,Passeriformes,Sylviidae,Old World warblers,161,BL3,Rand's Warbler,100,0,0,0,0,0,0,0,0,0,Invertebrate,Ref_11,A,Jennifer,0,0,0,0,80,20,0,0,Ref_11,1,Jessica,0,11,PrimScale,1,MarceloR,NA,0,0,0,0,0.637010004,0.012465967,0,0.181241393478166,-0.3554039748758953,1.7847874377704407,60.92386369001319,0.011,0.0407,2.4209089202198415,0.16413929442953612,8.206964721476806,NA,NA,100_0_0,1.0413926851582251,530225393.3704201,2.7799819159262693
129881558,22692966,mesitornis unicolor,ANIMALIA,CHORDATA,mesitornithiformes,AVES,mesitornithidae,Mesitornis,unicolor,NA,NA,NA,"(Des Murs, 1845)",Vulnerable,A2cde+3cde+4cde; C1+2a(i),3.1,Decreasing,Global,NA,mesitornis unicolor,3954,Nonpasseriformes,Mesitornithiformes,Mesitornithidae,Mesites,38,BL3,Brown Mesite,100,0,0,0,0,0,0,0,0,0,Invertebrate,Ref_3,B,Carolina,0,0,100,0,0,0,0,0,Ref_3,1,Jessica,0,148,Dunning08,1,NA,NA,0,0,0,0,0.108188068,0.011301239,0,0.181241393478166,-0.740661665061682,0.869543083584654,7.4053072713579455,0.148,0.5476,8.879999999999999,1.3503828583423862,67.51914291711931,Forest,Forest,100_0_0,2.1702617153949575,95921363.20269193,2.6652335576119737
129882359,22692949,mesitornis variegatus,ANIMALIA,CHORDATA,mesitornithiformes,AVES,mesitornithidae,Mesitornis,variegatus,NA,NA,NA,"Geoffroy Saint-Hilaire, 1838",Vulnerable,A2cd+3cd+4cd,3.1,Decreasing,Global,NA,mesitornis variegatus,3953,Nonpasseriformes,Mesitornithiformes,Mesitornithidae,Mesites,38,BL3,White-breasted Mesite,80,0,0,0,0,0,0,0,20,0,Invertebrate,Ref_3,A,Carolina,0,0,50,50,0,0,0,0,Ref_3,1,Jessica,0,113,PrimScale,1,MarceloR,NA,0,0,20,20,0.108188068,0.011301239,0,0.181241393478166,-0.7006696416685123,0.9095351069778237,8.11960882605389,0.113,0.4181,7.759278316957062,1.231586424202159,61.57932121010795,Forest,Forest,80_20_0,2.0530784434834195,55363412.36733224,2.513895679915487
129916593,22695613,accipiter madagascariensis,ANIMALIA,CHORDATA,accipitriformes,AVES,accipitridae,Accipiter,madagascariensis,NA,NA,NA,"Smith, 1834",Near Threatened,A2c+3c+4c,3.1,Decreasing,Global,NA,accipiter madagascariensis,4751,Nonpasseriformes,Accipitriformes,Accipitridae,"Osprey, kites, hawks and eagles",36,BL3,Madagascar Sparrowhawk,20,60,20,0,0,0,0,0,0,0,VertFishScav,Ref_2,A,Jennifer,0,0,0,25,25,25,25,0,Ref_2,1,Jessica,0,180.41,Dunning08,1,NA,NA,80,0,0,0,-0.462666813,-0.048329803,0,0,-0.7700111584598864,0.028466273708283474,1.0677418709878939,0.18041,3.032450916663559,20.896720603950097,9.36555947810478,468.277973905239,"Forest, Shrubland","Forest, Shrubland",20_0_80,2.256260606512207,297413.11563483364,1.5330145319232937
130089475,22684152,coua coquereli,ANIMALIA,CHORDATA,cuculiformes,AVES,cuculidae,Coua,coquereli,NA,NA,NA,"Grandidier, 1867",Least Concern,NA,3.1,Decreasing,Global,NA,coua coquereli,1809,Nonpasseriformes,Cuculiformes,Cuculidae,Cuckoos,67,BL3,Coquerel's Coua,80,0,0,0,0,0,20,0,0,0,Invertebrate,Ref_4,A,Carolina,0,0,50,30,20,0,0,0,Ref_4,1,Jessica,0,160,Dunning08,1,NA,NA,0,20,0,20,-0.065712095,-0.006864233,0.236681835,0.181241393478166,-0.7522167325577915,0.9026042160885444,7.991056771835508,0.16,0.5920000000000001,9.232984349602246,1.2513989432843244,62.569947164216224,"Forest, Shrubland","Forest, Shrubland",80_20_0,2.2041199826559246,44879213.24935061,2.5005291123775986
130089830,22684156,coua serriana,ANIMALIA,CHORDATA,cuculiformes,AVES,cuculidae,Coua,serriana,NA,NA,NA,"Pucheran, 1845",Least Concern,NA,3.1,Decreasing,Global,NA,coua serriana,1810,Nonpasseriformes,Cuculiformes,Cuculidae,Cuckoos,67,BL3,Red-breasted Coua,10,0,0,0,0,0,70,0,20,0,FruiNect,Ref_4,A,Carolina,0,0,70,30,0,0,0,0,Ref_4,1,Other,0,293,Dunning08,1,NA,NA,0,70,20,90,-0.065712095,-0.006864233,0,0.42760614375972505,-0.8418866103647387,0.8226172535631562,6.646871051011388,0.293,1.0841,12.494414752200282,1.5044672784013766,75.22336392006882,Forest,Forest,10_90_0,2.4668676203541096,456596.4971898617,1.6306810248256867
130093879,22684160,coua reynaudii,ANIMALIA,CHORDATA,cuculiformes,AVES,cuculidae,Coua,reynaudii,NA,NA,NA,"Pucheran, 1845",Least Concern,NA,3.1,Decreasing,Global,NA,coua reynaudii,1811,Nonpasseriformes,Cuculiformes,Cuculidae,Cuckoos,67,BL3,Red-fronted Coua,70,0,10,0,0,0,10,0,10,0,Invertebrate,Ref_4,A,Carolina,0,0,50,50,0,0,0,0,Ref_4,1,Jessica,0,153,Dunning08,1,NA,NA,10,10,10,20,-0.065712095,-0.006864233,0,0.181241393478166,-0.7455862034136636,0.6725529102326724,4.704927225101006,0.153,0.5661,9.028754066868807,2.125431387471741,106.27156937358706,"Forest, Shrubland","Forest, Shrubland",70_20_10,2.184691430817599,NA,NA
130094351,22684164,coua cursor,ANIMALIA,CHORDATA,cuculiformes,AVES,cuculidae,Coua,cursor,NA,NA,NA,"Grandidier, 1867",Least Concern,NA,3.1,Decreasing,Global,NA,coua cursor,1812,Nonpasseriformes,Cuculiformes,Cuculidae,Cuckoos,67,BL3,Running Coua,100,0,0,0,0,0,0,0,0,0,Invertebrate,Ref_4,A,Carolina,0,0,100,0,0,0,0,0,Ref_4,1,Jessica,0,110,Dunning08,1,NA,NA,0,0,0,0,-0.065712095,-0.006864233,0,0.181241393478166,-0.6966815543529362,0.7214575592933997,5.26571754029788,0.11,0.40700000000000003,7.65558619571356,1.8990764171209806,94.95382085604903,"Forest, Shrubland","Forest, Shrubland",100_0_0,2.041392685158225,117203053.71293163,2.679897191771986
130094715,22684188,coua caerulea,ANIMALIA,CHORDATA,cuculiformes,AVES,cuculidae,Coua,caerulea,NA,NA,NA,"(Linnaeus, 1766)",Least Concern,NA,3.1,Decreasing,Global,NA,coua caerulea,1816,Nonpasseriformes,Cuculiformes,Cuculidae,Cuckoos,67,BL3,Blue Coua,70,0,10,0,0,0,10,0,0,10,Invertebrate,Ref_4,A,Carolina,0,0,20,20,60,0,0,0,Ref_4,1,Jessica,0,244,Dunning08,1,NA,NA,10,10,10,20,-0.065712095,-0.006864233,0,0.181241393478166,-0.8147626212009949,0.6033764924453411,4.012143820212104,0.244,0.9028,11.401894579410916,2.492433085180717,124.62165425903584,"Forest, Artificial - Terrestrial","Forest, Plantations & Heavily Degraded Former Forest",70_20_10,2.387389826338729,NA,NA
130111276,22686839,apus balstoni,ANIMALIA,CHORDATA,caprimulgiformes,AVES,apodidae,Apus,balstoni,NA,NA,NA,"(Bartlett, 1880)",Least Concern,NA,3.1,Decreasing,Global,NA,apus balstoni,19873,Nonpasseriformes,Apodiformes,Apodidae,Swifts,77,BL3,Madagascar Swift,100,0,0,0,0,0,0,0,0,0,Invertebrate,Ref_5,A,Hamish,0,0,0,0,40,0,60,0,Ref_5,1,Christian,0,42.8,Dunning08,1,NA,NA,0,0,0,0,0.064764599,0.052989397,0,0.181241393478166,-0.5567751805417162,1.0516942571046197,11.264041895183897,0.0428,0.15836,4.7753366373481985,0.8877807889080778,44.38903944540389,"Marine Coastal/Supratidal, Forest","Marine Coastal/Supratidal, Forest",100_0_0,1.631443769013172,219088987.68478233,2.7235335504315876
130164463,22689517,asio madagascariensis,ANIMALIA,CHORDATA,strigiformes,AVES,strigidae,Asio,madagascariensis,NA,NA,NA,"(Smith, 1834)",Least Concern,NA,3.1,Decreasing,Global,NA,asio madagascariensis,3109,Nonpasseriformes,Strigiformes,Strigidae,Owls,71,BL3,Madagascar Owl,0,90,10,0,0,0,0,0,0,0,VertFishScav,Ref_5,A,Hamish,0,0,60,20,20,0,0,0,Ref_5,1,Other,1,407,GenAvg,0,NA,NA,100,0,0,0,0.019870994,0.002075708,0,0,-0.8905960633972019,0.440824686770968,2.759463708633502,0.407,7.6043303811880785,33.0911404289892,3.623892558801595,181.19462794007976,"Forest, Artificial - Terrestrial","Forest, Plantations & Heavily Degraded Former Forest",0_0_100,2.60959440922522,35962.64085279433,1.2066838828720634
130195996,22698763,philepitta castanea,ANIMALIA,CHORDATA,passeriformes,AVES,philepittidae,Philepitta,castanea,NA,NA,NA,"(Müller, 1776)",Least Concern,NA,3.1,Decreasing,Global,NA,philepitta castanea,5727,Passeriformes,Passeriformes,Philepittidae,Asities,100,BL3,Velvet Asity,0,0,0,0,0,0,30,60,0,10,FruiNect,Ref_8,A,Jennifer,0,0,10,30,30,30,0,0,Ref_8,1,Other,0,35.4,Dunning08,1,NA,NA,0,90,10,100,0.637010004,0,0,0.42760614375972505,-0.5286400838662016,1.8454501120616933,70.0567703174196,0.0354,0.13098,4.342939096971083,0.14274137895154299,7.137068947577149,"Forest, Artificial - Terrestrial","Forest, Plantations & Heavily Degraded Former Forest",0_100_0,1.5490032620257879,255143.82136849256,1.4426395242496806
130196282,22698771,neodrepanis coruscans,ANIMALIA,CHORDATA,passeriformes,AVES,philepittidae,Neodrepanis,coruscans,NA,NA,NA,"Sharpe, 1875",Least Concern,NA,3.1,Decreasing,Global,NA,neodrepanis coruscans,5729,Passeriformes,Passeriformes,Philepittidae,Asities,100,BL3,Sunbird Asity,20,0,0,0,0,0,0,80,0,0,FruiNect,Ref_8,A,Jennifer,0,0,0,0,40,60,0,0,Ref_8,1,Jessica,0,6.5,Dunning08,1,NA,NA,0,80,0,80,0.637010004,0,0,0.42760614375972505,-0.27742910267963033,2.0966610932482648,124.9283756619942,0.0065,0.02405,1.8609674903124986,0.080045865857217,4.00229329286085,Forest,Forest,20_80_0,0.8129133566428556,3468062.8046962623,1.8070546590642314
131092516,22708054,oriolia bernieri,ANIMALIA,CHORDATA,passeriformes,AVES,vangidae,Oriolia,bernieri,NA,NA,NA,"Geoffroy Saint-Hilaire, 1838",Endangered,A3bc,3.1,Decreasing,Global,NA,oriolia bernieri,8728,Passeriformes,Passeriformes,Vangidae,Vangas,131,BL3,Bernier's Vanga,70,0,30,0,0,0,0,0,0,0,Invertebrate,Ref_14,A,Carolina,0,0,0,30,70,0,0,0,Ref_48,1,Jessica,0,52,Dunning08,1,NA,NA,30,0,0,0,0.637010004,-0.059180766,0,0.181241393478166,-0.5856334674901933,1.4829112121561425,30.40263405925123,0.052,0.1924,5.263610927870714,0.32891886869115194,16.4459434345576,Forest,Forest,70_0_30,1.7160033436347992,17467212.92312491,2.2150394697515865
131736320,22708058,euryceros prevostii,ANIMALIA,CHORDATA,passeriformes,AVES,vangidae,Euryceros,prevostii,NA,NA,NA,"Lesson, 1831",Endangered,A3bc,3.1,Decreasing,Global,NA,euryceros prevostii,8729,Passeriformes,Passeriformes,Vangidae,Vangas,131,BL3,Helmet Vanga,70,0,30,0,0,0,0,0,0,0,Invertebrate,Ref_14,A,Carolina,0,0,33,33,33,0,0,0,Ref_48,1,Jessica,0,96.93,Dunning08,1,NA,NA,30,0,0,0,0.637010004,-0.059180766,0,0.181241393478166,-0.677933650575277,1.3906110290710587,24.581649903174647,0.09693,0.35864100000000004,7.186397150171984,0.4068075185916845,20.340375929584226,Forest,Forest,70_0_30,1.9864582127373065,13946127.088535635,2.212250910928931
131884843,22719132,foudia madagascariensis,ANIMALIA,CHORDATA,passeriformes,AVES,ploceidae,Foudia,madagascariensis,NA,NA,NA,"(Linnaeus, 1766)",Least Concern,NA,3.1,Stable,Global,NA,foudia madagascariensis,12022,Passeriformes,Passeriformes,Ploceidae,Weavers and allies,184,BL3,Madagascar Red Fody,20,0,0,0,0,0,0,10,70,0,PlantSeed,Ref_15,A,Jennifer,0,0,0,0,30,70,0,0,Ref_32,1,Christian,0,16.59,Dunning08,1,NA,NA,0,10,70,80,0.637010004,-0.010473234,0,0.34312864063468,-0.41630622195621003,1.8628332368466398,72.9177462297743,0.01659,0.06138300000000001,2.973071139411232,0.1371408267130002,6.85704133565001,"Shrubland, Artificial - Terrestrial, Forest, Savanna","Shrubland, Forest, Savanna, Arable & Pastureland, Plantations & Heavily Degraded Former Forest, Urban & Rural Gardens",20_80_0,1.2198463860243607,2957919.177846456,1.8263473204418783
131959856,22710825,hartlaubius auratus,ANIMALIA,CHORDATA,passeriformes,AVES,sturnidae,Hartlaubius,auratus,NA,NA,NA,"(Müller, 1776)",Least Concern,NA,3.1,Decreasing,Global,saroglossa aurata,saroglossa aurata,9493,Passeriformes,Passeriformes,Sturnidae,Starlings,177,BL3,Madagascar Starling,20,0,0,0,0,0,60,20,0,0,FruiNect,Ref_14,A,Carolina,0,0,0,33,33,33,0,0,Ref_36,1,Jessica,0,40.5,Dunning08,1,NA,NA,0,80,0,80,0.637010004,-0.044001272,0,0.42760614375972505,-0.5485883594409129,1.7815005644869821,60.464513724948816,0.0405,0.14985,4.645255644203019,0.1653862635113496,8.269313175567481,"Shrubland, Forest","Shrubland, Forest",20_80_0,1.6074550232146685,2559827.7285503848,1.844649508820894
131990768,22719144,foudia omissa,ANIMALIA,CHORDATA,passeriformes,AVES,ploceidae,Foudia,omissa,NA,NA,NA,"Rothschild, 1912",Least Concern,NA,3.1,Decreasing,Global,NA,foudia omissa,12024,Passeriformes,Passeriformes,Ploceidae,Weavers and allies,184,BL3,Forest Fody,30,0,0,0,0,0,0,30,40,0,Omnivore,Ref_15,A,Jennifer,0,0,0,0,20,60,20,0,Ref_32,1,Christian,0,18.9,Dunning08,1,NA,NA,0,30,40,70,0.637010004,-0.010473234,0,0.28471583669890205,-0.43562779482314146,1.7850988600439306,60.96756641505051,0.0189,0.06993,3.173313725429618,0.16402163622413163,8.201081811206581,Forest,Forest,30_70_0,1.276461804173244,8215148.611125342,2.011688520294048
132051022,22678927,margaroperdix madagarensis,ANIMALIA,CHORDATA,galliformes,AVES,phasianidae,Margaroperdix,madagarensis,NA,NA,NA,"(Scopoli, 1786)",Least Concern,NA,3.1,Decreasing,Global,margaroperdix madagascariensis,margaroperdix madagascariensis,298,Nonpasseriformes,Galliformes,Phasianidae,"Grouse, pheasants and partridges",11,BL3,Madagascar Partridge,30,0,0,0,0,0,0,0,0,70,PlantSeed,Ref_2,B,Jennifer,0,0,100,0,0,0,0,0,Ref_2,1,Jessica,0,245,Dunning08,1,NA,NA,0,0,70,70,0.316980803,0.105191925,0,0.34312864063468,-0.8153688182405676,1.2594065985622822,18.172161949053027,0.245,0.9065,11.425235227337772,0.55029225625634,27.514612812817003,"Artificial - Terrestrial, Shrubland, Forest, Grassland","Shrubland, Forest, Grassland, Arable & Pastureland",30_70_0,2.3891660843645326,3949977.3036810625,2.0255220510992284
132123622,22718991,ploceus nelicourvi,ANIMALIA,CHORDATA,passeriformes,AVES,ploceidae,Ploceus,nelicourvi,NA,NA,NA,"(Scopoli, 1786)",Least Concern,NA,3.1,Stable,Global,NA,ploceus nelicourvi,11982,Passeriformes,Passeriformes,Ploceidae,Weavers and allies,184,BL3,Nelicourvi Weaver,90,0,0,0,0,0,10,0,0,0,Invertebrate,Ref_15,B,Jennifer,0,0,30,60,10,0,0,0,Ref_32,1,Christian,0,23.8,Dunning08,1,NA,NA,0,10,0,10,0.637010004,-0.010473234,0,0.181241393478166,-0.4697948518681171,1.6474573597782185,44.407605862132975,0.0238,0.08806000000000001,3.5609886267720654,0.2251866500312089,11.259332501560445,Forest,Forest,90_10_0,1.376576957056512,223446865.8811208,2.6781441317722567
173128661,22693532,actophilornis albinucha,ANIMALIA,CHORDATA,charadriiformes,AVES,jacanidae,Actophilornis,albinucha,NA,NA,NA,"(Geoffroy Saint-Hilaire, 1832)",Endangered,C2a(ii),3.1,Decreasing,Global,NA,actophilornis albinucha,4158,Nonpasseriformes,Charadriiformes,Jacanidae,Jacanas,56,BL3,Madagascar Jacana,60,0,0,0,0,0,0,0,40,0,Invertebrate,Ref_3,A,Carolina,0,50,50,0,0,0,0,0,Ref_3,1,Jessica,0,239,Dunning08,1,NA,NA,0,0,40,40,0.067490082,0,0,0.181241393478166,-0.8116938786688556,0.7465116449774803,5.578425596809008,0.239,0.8843,11.284467200537206,1.7926204851993075,89.63102425996537,"Wetlands (inland), Artificial - Aquatic","Wetlands (inland), Artificial - Aquatic",60_40_0,2.3783979009481375,NA,NA
173353411,22695678,accipiter henstii,ANIMALIA,CHORDATA,accipitriformes,AVES,accipitridae,Accipiter,henstii,NA,NA,NA,"(Schlegel, 1873)",Vulnerable,C2a(i); D1,3.1,Decreasing,Global,NA,accipiter henstii,4766,Nonpasseriformes,Accipitriformes,Accipitridae,"Osprey, kites, hawks and eagles",36,BL3,Henst's Goshawk,0,100,0,0,0,0,0,0,0,0,VertFishScav,Ref_2,A,Jennifer,0,0,0,20,60,20,0,0,Ref_2,1,Jessica,0,1050,Dunning08,1,NA,NA,100,0,0,0,-0.462666813,-0.048329803,0,0,-1.0310641711285267,-0.23258673896035675,0.5853468169328598,1.05,22.190301481831508,56.527899424830366,17.083888919732548,854.1944459866273,"Forest, Savanna, Artificial - Terrestrial","Forest, Savanna, Plantations & Heavily Degraded Former Forest",0_0_100,3.0211892990699383,38159.606337753845,1.2477705289004914
177366079,22713021,crossleyia tenebrosa,ANIMALIA,CHORDATA,passeriformes,AVES,bernieridae,Crossleyia,tenebrosa,NA,NA,NA,"(Stresemann, 1925)",Data Deficient,NA,3.1,Decreasing,Global,bernieria tenebrosa,bernieria tenebrosa,10296,Passeriformes,Passeriformes,Sylviidae,Old World warblers,161,BL3,Dusky Tetraka,100,0,0,0,0,0,0,0,0,0,Invertebrate,Ref_10,A,Carolina,0,0,60,40,0,0,0,0,Ref_10,1,Jessica,0,21.4,Dunning08,1,NA,NA,0,0,0,0,0.637010004,0.012465967,0,0.181241393478166,-0.4540403922715285,1.6861510203748074,48.54572824015426,0.0214,0.07918,3.376672918717476,0.20599134800348035,10.299567400174018,Forest,Forest,100_0_0,1.3304137733491908,347740439.9698899,2.754562077550526
179322914,22724980,mentocrex beankaensis,ANIMALIA,CHORDATA,gruiformes,AVES,rallidae,Mentocrex,beankaensis,NA,NA,NA,"(Goodman, 2011)",Vulnerable,B1ab(iii),3.1,Decreasing,Global,NA,mentocrex beankaensis,NA,NA,NA,NA,NA,NA,NA,NA,NA,NA,NA,NA,NA,NA,NA,NA,NA,NA,NA,NA,NA,NA,NA,NA,NA,NA,NA,NA,NA,NA,NA,NA,NA,NA,NA,NA,NA,NA,NA,NA,NA,NA,NA,0.12852617,-0.119324896,0,NA,NA,NA,NA,NA,NA,NA,NA,NA,"Rocky Areas, Forest","Rocky Areas, Forest",NA_NA_NA,NA,NA,NA
181612412,22715082,newtonia amphichroa,ANIMALIA,CHORDATA,passeriformes,AVES,vangidae,Newtonia,amphichroa,NA,NA,NA,"Reichenow, 1891",Least Concern,NA,3.1,Unknown,Global,NA,newtonia amphichroa,10882,Passeriformes,Passeriformes,Vangidae,Vangas,131,BL3,Dark Newtonia,100,0,0,0,0,0,0,0,0,0,Invertebrate,Ref_11,A,Jennifer,0,0,0,100,0,0,0,0,Ref_11,1,Jessica,0,12.3,Dunning08,1,NA,NA,0,0,0,0,0.637010004,-0.059180766,0,0.181241393478166,-0.3719601782916924,1.6965845013546434,49.72611171842439,0.0123,0.04551,2.5599687498092627,0.20110158736370343,10.055079368185172,"Forest, Artificial - Terrestrial","Forest, Plantations & Heavily Degraded Former Forest",100_0_0,1.089905111439398,496011683.430051,2.7763596657728264
189742097,22692504,rallus madagascariensis,ANIMALIA,CHORDATA,gruiformes,AVES,rallidae,Rallus,madagascariensis,NA,NA,NA,"Verreaux, 1833",Vulnerable,A3c+4c,3.1,Decreasing,Global,NA,rallus madagascariensis,3855,Nonpasseriformes,Gruiformes,Rallidae,"Rails, crakes and allies",42,BL3,Madagascar Rail,100,0,0,0,0,0,0,0,0,0,Invertebrate,Ref_3,A,Carolina,0,60,40,0,0,0,0,0,Ref_3,1,Jessica,0,114,Dunning08,1,NA,NA,0,0,0,0,0.12852617,-0.119324896,0,0.181241393478166,-0.7019755088786943,0.7979412067676417,6.279733402757837,0.114,0.4218,7.793535782942168,1.5924242891598477,79.62121445799238,"Forest, Wetlands (inland)","Forest, Wetlands (inland)",100_0_0,2.0569048513364727,114501737.95797014,2.6782557596758694
192726722,22716161,hartertula flavoviridis,ANIMALIA,CHORDATA,passeriformes,AVES,bernieridae,Hartertula,flavoviridis,NA,NA,NA,"Hartert, 1924",Near Threatened,A3c+4c,3.1,Decreasing,Global,neomixis flavoviridis,neomixis flavoviridis,11188,Passeriformes,Passeriformes,Timaliidae,Babblers and parrotbills,163,BL3,Wedge-tailed Jery,100,0,0,0,0,0,0,0,0,0,Invertebrate,Ref_11,A,Jennifer,0,0,0,100,0,0,0,0,Ref_11,1,Jessica,0,9.7,Dunning08,1,NA,NA,0,0,0,0,0.637010004,0.012465967,0,0.181241393478166,-0.33676306896674596,1.80342834367959,63.59578664551467,0.009699999999999999,0.03589,2.273358748636035,0.15724312139954144,7.862156069977072,Forest,Forest,100_0_0,0.9867717342662449,570992893.2054628,2.7838593964760485
193044857,22682969,uratelornis chimaera,ANIMALIA,CHORDATA,coraciiformes,AVES,brachypteraciidae,Uratelornis,chimaera,NA,NA,NA,"Rothschild, 1895",Vulnerable,A2cde+3cde+4cde,3.1,Decreasing,Global,NA,uratelornis chimaera,1508,Nonpasseriformes,Coraciiformes,Brachypteraciidae,Ground-rollers,83,BL3,Long-tailed Ground-roller,100,0,0,0,0,0,0,0,0,0,Invertebrate,Ref_6,A,Hamish,0,0,100,0,0,0,0,0,Ref_6,1,Christian,0,226,PrimScale,1,MarceloR,NA,0,0,0,0,0.027146623,0,0,0.181241393478166,-0.8034044299387,0.7144576347076359,5.18152543921419,0.226,0.8362,10.97327663006816,1.9299335914322098,96.49667957161049,"Shrubland, Forest, Artificial - Terrestrial","Shrubland, Forest, Plantations & Heavily Degraded Former Forest",100_0_0,2.3541084391474008,69490895.86285575,2.638688990805033
193815333,22692971,monias benschi,ANIMALIA,CHORDATA,mesitornithiformes,AVES,mesitornithidae,Monias,benschi,NA,NA,NA,"Oustalet & Grandidier, 1903",Vulnerable,"A2cd+3cd+4cd; B1ab(i,ii,iii,v)",3.1,Decreasing,Global,NA,monias benschi,3955,Nonpasseriformes,Mesitornithiformes,Mesitornithidae,Mesites,38,BL3,Subdesert Mesite,80,0,0,0,0,0,10,0,10,0,Invertebrate,Ref_3,A,Carolina,0,0,100,0,0,0,0,0,Ref_3,1,Jessica,0,137.94,Dunning08,1,NA,NA,0,10,10,20,0.108188068,0.011301239,0,0.181241393478166,-0.7302282996764028,0.8799764489699332,7.585364398095825,0.13794,0.510378,8.572889361236385,1.3183282272517227,65.91641136258613,"Artificial - Terrestrial, Shrubland, Forest","Shrubland, Forest, Plantations & Heavily Degraded Former Forest",80_20_0,2.1396902216529226,49058762.128965646,2.5061606521019826
193850974,22682937,geobiastes squamiger,ANIMALIA,CHORDATA,coraciiformes,AVES,brachypteraciidae,Geobiastes,squamiger,NA,NA,NA,"(Lafresnaye, 1838)",Vulnerable,A3c+4c,3.1,Decreasing,Global,brachypteracias squamiger,brachypteracias squamiger,1504,Nonpasseriformes,Coraciiformes,Brachypteraciidae,Ground-rollers,83,BL3,Scaly Ground-roller,80,10,10,0,0,0,0,0,0,0,Invertebrate,Ref_6,A,Hamish,0,0,90,0,10,0,0,0,Ref_6,1,Christian,0,155,Dunning08,1,NA,NA,20,0,0,0,0.027146623,0,0,0.181241393478166,-0.7475111002033938,0.770350964442942,5.893197072546805,0.155,0.5735,9.087573933674488,1.6968718128542746,84.84359064271372,Forest,Forest,80_0_20,2.1903316981702914,22466633.124499626,2.349210339738929
194662220,22692250,sarothrura watersi,ANIMALIA,CHORDATA,gruiformes,AVES,rallidae,Sarothrura,watersi,NA,NA,NA,"(Bartlett, 1879)",Near Threatened,C2a(i); D1,3.1,Decreasing,Global,NA,sarothrura watersi,3794,Nonpasseriformes,Gruiformes,Rallidae,"Rails, crakes and allies",42,BL3,Slender-billed Flufftail,60,0,0,0,0,0,0,0,30,10,Invertebrate,Ref_3,D1,Carolina,0,10,90,0,0,0,0,0,Genus,0,Morgane,0,26.5,Dunning08,1,NA,NA,0,0,40,40,0.12852617,-0.119324896,0,0.181241393478166,-0.48572190685783967,1.0141948087884964,10.332247690710776,0.0265,0.09805,3.757552394844282,0.9678436192533901,48.39218096266951,"Artificial - Terrestrial, Shrubland, Wetlands (inland)","Shrubland, Wetlands (inland), Arable & Pastureland",60_40_0,1.423245873936808,NA,NA
194884811,22692654,zapornia olivieri,ANIMALIA,CHORDATA,gruiformes,AVES,rallidae,Zapornia,olivieri,NA,NA,NA,"(Grandidier & Berlioz, 1929)",Endangered,C2a(i),3.1,Decreasing,Global,amaurornis olivieri,amaurornis olivieri,3882,Nonpasseriformes,Gruiformes,Rallidae,"Rails, crakes and allies",42,BL3,Sakalava Rail,40,0,10,10,0,0,0,0,20,20,Omnivore,Ref_3,D1,Carolina,0,0,100,0,0,0,0,0,Ref_3,1,Jessica,0,157.35,GenAvg,0,NA,NA,20,0,40,40,0.12852617,-0.119324896,0,0.28471583669890205,-0.7497413659348207,0.8536497929322513,7.139204016423521,0.15735,0.582195,9.156204453811634,1.4007163791643025,70.03581895821513,"Introduced Vegetation, Wetlands (inland)","Introduced Vegetation, Wetlands (inland)",40_40_20,2.196866747249239,NA,NA
196314602,22680225,anas melleri,ANIMALIA,CHORDATA,anseriformes,AVES,anatidae,Anas,melleri,NA,NA,NA,"P.L. Sclater, 1865",Endangered,C2a(ii),3.1,Decreasing,Global,NA,anas melleri,689,Nonpasseriformes,Anseriformes,Anatidae,"Ducks, geese and swans",14,BL3,Meller's Duck,20,0,0,0,0,0,0,0,30,50,PlantSeed,Ref_1,B,Jennifer,0,80,20,0,0,0,0,0,Ref_1,1,Other,0,959.22,Dunning08,1,NA,NA,0,0,80,80,-0.133420457,0.008301065,0,0.34312864063468,-1.0176618341439483,0.5098214626589017,3.234606557521793,0.9592200000000001,3.5491140000000003,22.606910801788025,3.0915661061608497,154.57830530804247,"Artificial - Terrestrial, Wetlands (inland)","Wetlands (inland), Arable & Pastureland",20_80_0,2.981918225344218,1263526.0492175617,1.8842100055752762
196427769,22716767,crossleyia xanthophrys,ANIMALIA,CHORDATA,passeriformes,AVES,bernieridae,Crossleyia,xanthophrys,NA,NA,NA,"(Sharpe, 1875)",Least Concern,NA,3.1,Decreasing,Global,NA,crossleyia xanthophrys,11344,Passeriformes,Passeriformes,Sylviidae,Old World warblers,161,BL3,Madagascar Yellowbrow,100,0,0,0,0,0,0,0,0,0,Invertebrate,Ref_11,A,Jennifer,0,0,100,0,0,0,0,0,Ref_11,1,Jessica,0,19.9,Dunning08,1,NA,NA,0,0,0,0,0.637010004,0.012465967,0,0.181241393478166,-0.44326943401341284,1.696921978632923,49.764767412673756,0.019899999999999998,0.07363,3.2561818131056506,0.20094537802367518,10.04726890118376,Forest,Forest,100_0_0,1.2988530764097066,365149721.76964486,2.7577840255983475
196446398,22693107,gallinago macrodactyla,ANIMALIA,CHORDATA,charadriiformes,AVES,scolopacidae,Gallinago,macrodactyla,NA,NA,NA,"Bonaparte, 1839",Vulnerable,A2cd+3cd+4cd,3.1,Decreasing,Global,NA,gallinago macrodactyla,4056,Nonpasseriformes,Charadriiformes,Scolopacidae,Sandpipers and allies,59,BL3,Madagascar Snipe,40,0,0,0,0,0,0,0,30,30,PlantSeed,Ref_3,A,Carolina,0,50,50,0,0,0,0,0,Ref_3,1,Jessica,0,216,Dunning08,1,NA,NA,0,0,60,60,0.067490082,0.103167321,0,0.34312864063468,-0.7966967255938883,1.0265633662089617,10.630736808827692,0.216,0.7992,10.727758386540964,0.9406685707519414,47.033428537597075,"Artificial - Terrestrial, Artificial - Aquatic, Wetlands (inland)","Artificial - Aquatic, Wetlands (inland), Arable & Pastureland",40_60_0,2.3344537511509307,7063314.293879775,2.135300398755534
196544442,22680252,anas bernieri,ANIMALIA,CHORDATA,anseriformes,AVES,anatidae,Anas,bernieri,NA,NA,NA,"(Hartlaub, 1860)",Endangered,C2a(ii),3.1,Decreasing,Global,NA,anas bernieri,697,Nonpasseriformes,Anseriformes,Anatidae,"Ducks, geese and swans",14,BL3,Madagascar Teal,30,0,0,0,0,0,0,0,20,50,PlantSeed,Ref_1,D1,Jennifer,0,100,0,0,0,0,0,0,Ref_1,1,Jessica,0,378.48,Dunning08,1,NA,NA,0,0,70,70,-0.133420457,0.008301065,0,0.34312864063468,-0.8798282526585114,0.6476550441443386,4.442782414269843,0.37848000000000004,1.4003760000000003,14.200498019435798,2.250841717541882,112.54208587709408,"Marine Coastal/Supratidal, Savanna, Wetlands (inland), Forest, Marine Neritic","Marine Coastal/Supratidal, Savanna, Wetlands (inland), Forest, Marine Neritic",30_70_0,2.578042935040509,3416929.5650376254,2.0247284850327096
208892008,22715094,newtonia fanovanae,ANIMALIA,CHORDATA,passeriformes,AVES,vangidae,Newtonia,fanovanae,NA,NA,NA,"Gyldenstolpe, 1933",Vulnerable,A2c+3c+4c,3.1,Decreasing,Global,NA,newtonia fanovanae,10885,Passeriformes,Passeriformes,Vangidae,Vangas,131,BL3,Red-tailed Newtonia,100,0,0,0,0,0,0,0,0,0,Invertebrate,Ref_11,A,Jennifer,0,0,0,0,0,100,0,0,Ref_11,1,Jessica,0,12.7,Dunning08,1,NA,NA,0,0,0,0,0.637010004,-0.059180766,0,0.181241393478166,-0.37670346210560013,1.6918412175407358,49.18596739275726,0.0127,0.04699,2.6012612325562383,0.20331001970843662,10.165500985421831,Forest,Forest,100_0_0,1.1038037209559568,486522223.7322089,2.775286456096502
210019059,22713004,xanthomixis apperti,ANIMALIA,CHORDATA,passeriformes,AVES,bernieridae,Xanthomixis,apperti,NA,NA,NA,"(Colston, 1972)",Vulnerable,A2c,3.1,Decreasing,Global,bernieria apperti,bernieria apperti,10295,Passeriformes,Passeriformes,Sylviidae,Old World warblers,161,BL3,Appert's Tetraka,100,0,0,0,0,0,0,0,0,0,Invertebrate,Ref_10,A,Carolina,0,0,60,40,0,0,0,0,Ref_10,1,Jessica,0,14.6,Dunning08,1,NA,NA,0,0,0,0,0.637010004,0.012465967,0,0.181241393478166,-0.39736752427929295,1.742823888367043,55.31257645850632,0.0146,0.054020000000000006,2.7890643592430777,0.1807907105448554,9.039535527242771,Forest,Forest,100_0_0,1.1643528557844371,446655642.8895846,2.770402133786571
210407845,22692264,mentocrex kioloides,ANIMALIA,CHORDATA,gruiformes,AVES,rallidae,Mentocrex,kioloides,NA,NA,NA,"(Pucheran, 1845)",Least Concern,NA,3.1,Decreasing,Global,canirallus kioloides,canirallus kioloides,3785,Nonpasseriformes,Gruiformes,Rallidae,"Rails, crakes and allies",42,BL3,Madagascar Wood Rail,40,0,30,0,0,0,0,0,30,0,Omnivore,Ref_3,A,Carolina,0,0,100,0,0,0,0,0,Ref_3,1,Jessica,0,246,Dunning08,1,NA,NA,30,0,30,30,0.12852617,-0.119324896,0,0.28471583669890205,-0.8159725460389211,0.7874186128281508,6.1294091571388245,0.246,0.9102,11.448528289697327,1.631478621125033,81.57393105625165,"Wetlands (inland), Forest","Wetlands (inland), Forest",40_30_30,2.3909351071033793,1635024.442518036,1.8565402814777354
210431496,22708024,xenopirostris xenopirostris,ANIMALIA,CHORDATA,passeriformes,AVES,vangidae,Xenopirostris,xenopirostris,NA,NA,NA,"(Lafresnaye, 1850)",Near Threatened,A2c+3c+4c,3.1,Decreasing,Global,NA,xenopirostris xenopirostris,8721,Passeriformes,Passeriformes,Vangidae,Vangas,131,BL3,Lafresnaye's Vanga,70,0,30,0,0,0,0,0,0,0,Invertebrate,Ref_14,A,Carolina,0,0,0,70,30,0,0,0,Ref_48,1,Jessica,0,59.5,Dunning08,1,NA,NA,30,0,0,0,0.637010004,-0.059180766,0,0.181241393478166,-0.6056028548047827,1.462941824841553,29.0363367723716,0.0595,0.22015,5.630417391277489,0.34439606064615946,17.219803032307972,"Shrubland, Forest","Shrubland, Forest",70_0_30,1.7745169657285496,16692434.3458599,2.2149035419395973
210948813,22708012,calicalicus madagascariensis,ANIMALIA,CHORDATA,passeriformes,AVES,vangidae,Calicalicus,madagascariensis,NA,NA,NA,"(Linnaeus, 1766)",Least Concern,NA,3.1,Decreasing,Global,NA,calicalicus madagascariensis,8717,Passeriformes,Passeriformes,Vangidae,Vangas,131,BL3,Red-tailed Vanga,80,0,10,0,10,0,0,0,0,0,Invertebrate,Ref_14,A,Carolina,0,0,0,50,50,0,0,0,Ref_48,1,Jessica,0,16.39,Dunning08,1,NA,NA,20,0,0,0,0.637010004,-0.059180766,0,0.181241393478166,-0.41450856535829733,1.6540361142880384,45.085419431383265,0.016390000000000002,0.06064300000000001,2.9550959375289327,0.22180119706370424,11.090059853185211,"Forest, Shrubland","Forest, Shrubland",80_0_20,1.2145789535704992,62067440.19869715,2.384892333135939
211083802,22725453,coua cristata,ANIMALIA,CHORDATA,cuculiformes,AVES,cuculidae,Coua,cristata,NA,NA,NA,"(Linnaeus, 1766)",Least Concern,NA,3.1,Decreasing,Global,NA,coua cristata,1814,Nonpasseriformes,Cuculiformes,Cuculidae,Cuckoos,67,BL3,Crested Coua,70,0,0,0,0,0,20,0,10,0,Invertebrate,Ref_4,A,Carolina,0,0,0,0,70,30,0,0,Ref_4,1,Jessica,0,147,Dunning08,1,NA,NA,0,20,10,30,-0.065712095,-0.006864233,0.288727022,0.181241393478166,-0.7396568139614893,0.9672093216848466,9.27276645407478,0.147,0.5439,8.8499491523963,1.0784268157218224,53.92134078609112,"Savanna, Shrubland, Forest","Savanna, Shrubland, Forest",70_30_0,2.167317334748176,31435634.97592712,2.414827151742695
211136059,22725463,coua pyropyga,ANIMALIA,CHORDATA,cuculiformes,AVES,cuculidae,Coua,pyropyga,NA,NA,NA,"Grandidier, 1867",Near Threatened,A2cd+3cd+4cd,3.1,Decreasing,Global,NA,coua pyropyga,NA,NA,NA,NA,NA,NA,NA,NA,NA,NA,NA,NA,NA,NA,NA,NA,NA,NA,NA,NA,NA,NA,NA,NA,NA,NA,NA,NA,NA,NA,NA,NA,NA,NA,NA,NA,NA,NA,NA,NA,NA,NA,NA,-0.065712095,-0.006864233,0,NA,NA,NA,NA,NA,NA,NA,NA,NA,"Savanna, Shrubland, Forest","Savanna, Shrubland, Forest",NA_NA_NA,NA,NA,NA
211188760,22725437,coua ruficeps,ANIMALIA,CHORDATA,cuculiformes,AVES,cuculidae,Coua,ruficeps,NA,NA,NA,"G.R. Gray, 1846",Least Concern,NA,3.1,Stable,Global,NA,coua ruficeps,1813,Nonpasseriformes,Cuculiformes,Cuculidae,Cuckoos,67,BL3,Red-capped Coua,80,0,0,0,0,0,20,0,0,0,Invertebrate,Ref_4,A,Carolina,0,0,100,0,0,0,0,0,Ref_4,1,Jessica,0,180,Dunning08,1,NA,NA,0,20,0,20,-0.065712095,-0.006864233,0.188481263,0.181241393478166,-0.7696739416027789,0.8369464350435569,6.869837036818573,0.18,0.666,9.79305876628952,1.455638604875991,72.78193024379955,"Artificial - Terrestrial, Shrubland, Forest","Shrubland, Forest, Plantations & Heavily Degraded Former Forest",80_20_0,2.255272505103306,41860889.69106122,2.496192061335574
211240263,22708041,falculea palliata,ANIMALIA,CHORDATA,passeriformes,AVES,vangidae,Falculea,palliata,NA,NA,NA,"Geoffroy Saint-Hilaire, 1836",Least Concern,NA,3.1,Decreasing,Global,NA,falculea palliata,8724,Passeriformes,Passeriformes,Vangidae,Vangas,131,BL3,Sickle-billed Vanga,70,0,30,0,0,0,0,0,0,0,Invertebrate,Ref_14,A,Carolina,0,0,0,30,70,0,0,0,Ref_48,1,Jessica,0,111,Dunning08,1,NA,NA,30,0,0,0,0.637010004,-0.059180766,0,0.181241393478166,-0.6980228754490818,1.370521804197254,23.47047095620874,0.111,0.4107,7.690305585605815,0.4260672919030054,21.30336459515027,"Savanna, Shrubland, Forest","Savanna, Shrubland, Forest",70_0_30,2.0453229787866576,13151163.725421013,2.2103290549987342
231072418,22693780,charadrius thoracicus,ANIMALIA,CHORDATA,charadriiformes,AVES,charadriidae,Charadrius,thoracicus,NA,NA,NA,"(Richmond, 1896)",Vulnerable,C2a(i),3.1,Decreasing,Global,NA,charadrius thoracicus,4242,Nonpasseriformes,Charadriiformes,Charadriidae,Plovers,54,BL3,Madagascar Plover,100,0,0,0,0,0,0,0,0,0,Invertebrate,Ref_3,B,Carolina,0,0,100,0,0,0,0,0,Ref_3,1,Jessica,0,11.5,Dunning08,1,NA,NA,0,0,0,0,0.067490082,0.065481706,0,0.181241393478166,-0.3619923915124054,1.2616948381339304,18.268161323081475,0.0115,0.042550000000000004,2.475318161368352,0.547400464838527,27.37002324192635,"Marine Coastal/Supratidal, Marine Intertidal, Grassland, Forest","Marine Coastal/Supratidal, Marine Intertidal, Grassland, Forest",100_0_0,1.0606978403536116,516399735.97121125,2.7785624302037846
231668509,22688493,tyto soumagnei,ANIMALIA,CHORDATA,strigiformes,AVES,tytonidae,Tyto,soumagnei,NA,NA,NA,"(Grandidier, 1878)",Vulnerable,C2a(i),3.1,Decreasing,Global,NA,tyto soumagnei,2877,Nonpasseriformes,Strigiformes,Tytonidae,Barn owls,70,BL3,Madagascar Red Owl,0,100,0,0,0,0,0,0,0,0,VertFishScav,Ref_5,A,Hamish,0,0,90,10,0,0,0,0,Ref_5,1,Christian,1,284,Dunning08,1,NA,NA,100,0,0,0,0.019870994,0,0,0,-0.8372625447778852,0.49208249739028465,3.1051493777802173,0.284,5.0637122552571014,27.003232487186096,3.2204569839885497,161.02284919942747,"Forest, Artificial - Terrestrial, Artificial - Aquatic","Forest, Artificial - Aquatic, Arable & Pastureland, Plantations & Heavily Degraded Former Forest",0_0_100,2.4533183400470375,35143.513985404505,1.191379916496413
232610024,22682931,brachypteracias leptosomus,ANIMALIA,CHORDATA,coraciiformes,AVES,brachypteraciidae,Brachypteracias,leptosomus,NA,NA,NA,"(Lesson, 1833)",Vulnerable,A3cd+4cd,3.1,Decreasing,Global,NA,brachypteracias leptosomus,1503,Nonpasseriformes,Coraciiformes,Brachypteraciidae,Ground-rollers,83,BL3,Short-legged Ground-roller,80,0,20,0,0,0,0,0,0,0,Invertebrate,Ref_6,A,Hamish,0,0,20,30,30,20,0,0,Ref_6,1,Other,0,185,Dunning08,1,NA,NA,20,0,0,0,0.027146623,0,0,0.181241393478166,-0.77373487972816,0.7441271849181759,5.547881611557044,0.185,0.6845,9.928141820099066,1.8024897970368627,90.12448985184314,Forest,Forest,80_0_20,2.2671717284030137,20543006.288714223,2.3448323506369624
254926243,22697504,lophotibis cristata,ANIMALIA,CHORDATA,pelecaniformes,AVES,threskiornithidae,Lophotibis,cristata,NA,NA,NA,"(Boddaert, 1783)",Vulnerable,A2cd+3cd+4cd,3.1,Decreasing,Global,NA,lophotibis cristata,5306,Nonpasseriformes,Pelecaniformes,Threskiornithidae,Ibises and spoonbills,24,BL3,Madagascar Crested Ibis,80,0,20,0,0,0,0,0,0,0,Invertebrate,Ref_1,B,Jennifer,0,0,100,0,0,0,0,0,Ref_1,1,Jessica,0,583,PrimScale,1,MarceloR,NA,20,0,0,0,-0.131267646,-0.02427147,-0.077298717,0.181241393478166,-0.9438606700039226,0.31401693864241353,2.0607102848966052,0.583,2.1571,17.62448297113989,4.852695729861776,242.6347864930888,Forest,Forest,80_0_20,2.765668554759014,11179499.304240841,2.3119685645300616
256010787,22698767,philepitta schlegeli,ANIMALIA,CHORDATA,passeriformes,AVES,philepittidae,Philepitta,schlegeli,NA,NA,NA,"Schlegel, 1875",Vulnerable,A3c+4c,3.1,Decreasing,Global,NA,philepitta schlegeli,5728,Passeriformes,Passeriformes,Philepittidae,Asities,100,BL3,Schlegel's Asity,10,0,0,0,0,0,70,20,0,0,FruiNect,Ref_8,A,Jennifer,0,0,0,20,20,60,0,0,Ref_8,1,Jessica,0,27.9,Dunning08,1,NA,NA,0,90,0,90,0.637010004,0,0,0.42760614375972505,-0.49335230337504976,1.8807378925528453,75.9867539695101,0.027899999999999998,0.10323,3.855531091821203,0.13160188424435826,6.580094212217913,Forest,Forest,10_90_0,1.4456042032735976,569865.2818913804,1.5669708407146326
256043215,22708033,xenopirostris polleni,ANIMALIA,CHORDATA,passeriformes,AVES,vangidae,Xenopirostris,polleni,NA,NA,NA,"(Schlegel, 1868)",Vulnerable,A2c+3c+4c,3.1,Decreasing,Global,NA,xenopirostris polleni,8723,Passeriformes,Passeriformes,Vangidae,Vangas,131,BL3,Pollen's Vanga,70,0,30,0,0,0,0,0,0,0,Invertebrate,Ref_14,A,Carolina,0,0,0,50,50,0,0,0,Ref_48,1,Jessica,0,61.5,Dunning08,1,NA,NA,30,0,0,0,0.637010004,-0.059180766,0,0.181241393478166,-0.6105029694985458,1.45804171014779,28.710563083752206,0.0615,0.22755,5.7242641448486635,0.348303861921091,17.415193096054548,Forest,Forest,70_0_30,1.7888751157754168,16509258.881619947,2.2148786558295863
260131149,22682961,atelornis crossleyi,ANIMALIA,CHORDATA,coraciiformes,AVES,brachypteraciidae,Atelornis,crossleyi,NA,NA,NA,"Sharpe, 1875",Near Threatened,A2cd+3cd+4cd,3.1,Decreasing,Global,NA,atelornis crossleyi,1507,Nonpasseriformes,Coraciiformes,Brachypteraciidae,Ground-rollers,83,BL3,Rufous-headed Ground-roller,100,0,0,0,0,0,0,0,0,0,Invertebrate,Ref_6,A,Hamish,0,0,100,0,0,0,0,0,Ref_6,1,Christian,0,79,Dunning08,1,NA,NA,0,0,0,0,0.027146623,0,0,0.181241393478166,-0.6476175804656598,0.8702444841806761,7.417276761471935,0.079,0.2923,6.487773115638369,1.3482037035403183,67.41018517701592,Forest,Forest,100_0_0,1.8976270912904414,145993424.51482177,2.695468486651229
261702880,22724537,calicalicus rufocarpalis,ANIMALIA,CHORDATA,passeriformes,AVES,vangidae,Calicalicus,rufocarpalis,NA,NA,NA,"Goodman, Hawkins & Domergue, 1997",Vulnerable,C2a(ii),3.1,Decreasing,Global,NA,calicalicus rufocarpalis,19653,Passeriformes,Passeriformes,Vangidae,Vangas,131,BL3,Red-shouldered Vanga,80,0,10,0,10,0,0,0,0,0,Invertebrate,Other,D1,Cody,0,0,0,50,50,0,0,0,Other,0,Cody,0,16.8,Dunning08,1,NA,NA,20,0,0,0,0.637010004,-0.059180766,0,0.181241393478166,-0.4181705857781542,1.6503740938681817,44.706852355052845,0.016800000000000002,0.062160000000000014,2.991828872111505,0.22367935726232765,11.183967863116383,Shrubland,Shrubland,80_0_20,1.2253092817258628,61396814.239111066,2.3845770149999184
261974345,22684143,coua delalandei,ANIMALIA,CHORDATA,cuculiformes,AVES,cuculidae,Coua,delalandei,NA,NA,NA,"(Temminck, 1827)",Extinct,NA,3.1,NA,Global,NA,coua delalandei,NA,NA,NA,NA,NA,NA,NA,NA,NA,NA,NA,NA,NA,NA,NA,NA,NA,NA,NA,NA,NA,NA,NA,NA,NA,NA,NA,NA,NA,NA,NA,NA,NA,NA,NA,NA,NA,NA,NA,NA,NA,NA,NA,-0.065712095,-0.006864233,0,NA,NA,NA,NA,NA,NA,NA,NA,NA,Forest,Forest,NA_NA_NA,NA,NA,NA
263643886,22680552,turnix nigricollis,ANIMALIA,CHORDATA,charadriiformes,AVES,turnicidae,Turnix,nigricollis,NA,NA,NA,"(Gmelin, 1789)",Least Concern,NA,3.1,Stable,Global,NA,turnix nigricollis,786,Nonpasseriformes,Charadriiformes,Turnicidae,Buttonquails,47,BL3,Madagascar Buttonquail,50,0,0,0,0,0,0,0,50,0,Omnivore,Ref_3,B,Carolina,0,0,100,0,0,0,0,0,Ref_3,1,Jessica,0,61.3,Dunning08,1,NA,NA,0,0,50,50,0.067490082,-0.060598323,-0.024583688,0.28471583669890205,-0.6100201841545279,0.9664777717125439,9.257160034273275,0.0613,0.22681,5.714948818668458,1.0802449091272561,54.0122454563628,"Grassland, Artificial - Terrestrial, Forest, Shrubland, Savanna","Grassland, Forest, Shrubland, Savanna, Arable & Pastureland",50_50_0,1.787460474518415,19778222.471646067,2.2515282753752603
263646879,22695957,buteo brachypterus,ANIMALIA,CHORDATA,accipitriformes,AVES,accipitridae,Buteo,brachypterus,NA,NA,NA,"Hartlaub, 1860",Least Concern,NA,3.1,Stable,Global,NA,buteo brachypterus,4835,Nonpasseriformes,Accipitriformes,Accipitridae,"Osprey, kites, hawks and eagles",36,BL3,Madagascar Buzzard,10,30,60,0,0,0,0,0,0,0,VertFishScav,Ref_2,A,Jennifer,0,0,60,20,20,0,0,0,Ref_2,1,Jessica,0,511,Dunning08,1,NA,NA,90,0,0,0,-0.462666813,-0.048329803,0,0,-0.9243233290030034,-0.1258458968348335,0.7484350248288095,0.511,9.834106605209556,37.63125497708223,13.361213289406535,668.0606644703267,"Forest, Shrubland, Savanna, Rocky Areas, Artificial - Terrestrial","Forest, Shrubland, Savanna, Rocky Areas, Arable & Pastureland, Plantations & Heavily Degraded Former Forest",10_0_90,2.708420900134713,71704.89481051288,1.3290881195476862
263668973,22693009,pterocles personatus,ANIMALIA,CHORDATA,pterocliformes,AVES,pteroclidae,Pterocles,personatus,NA,NA,NA,"Gould, 1843",Least Concern,NA,3.1,Stable,Global,NA,pterocles personatus,4008,Nonpasseriformes,Pteroclidiformes,Pteroclididae,Sandgrouse,64,BL3,Madagascar Sandgrouse,0,0,0,0,0,0,0,0,100,0,PlantSeed,Ref_4,C,Carolina,0,0,70,30,0,0,0,0,Ref_4,1,Jessica,0,244.5,GenAvg,0,NA,NA,0,0,100,100,0,0,0,0.34312864063468,-0.8150660296376842,0.8375366591651658,6.879179775974185,0.2445,0.9046500000000001,11.413570869802315,1.4536616756150793,72.68308378075396,"Wetlands (inland), Savanna, Shrubland, Rocky Areas","Wetlands (inland), Savanna, Shrubland, Rocky Areas",0_100_0,2.388278863459639,239886.11360573926,1.5076099927739794
263713265,22683156,corythornis madagascariensis,ANIMALIA,CHORDATA,coraciiformes,AVES,alcedinidae,Corythornis,madagascariensis,NA,NA,NA,"(Linnaeus, 1766)",Least Concern,NA,3.1,Decreasing,Global,ceyx madagascariensis,ceyx madagascariensis,1568,Nonpasseriformes,Coraciiformes,Alcedinidae,Kingfishers,85,BL3,Madagascar Pygmy-kingfisher,20,0,80,0,0,0,0,0,0,0,VertFishScav,Ref_6,A,Hamish,0,10,90,0,0,0,0,0,Ref_6,1,Christian,0,17.7,Dunning08,1,NA,NA,80,0,0,0,0.027146623,-0.048256881,0,0,-0.4259052955960139,0.8624584945721561,7.2854854396234066,0.0177,0.22000324454620362,5.6285404160095815,1.3725921330668267,68.62960665334134,"Shrubland, Forest, Savanna","Shrubland, Forest, Savanna",20_0_80,1.2479732663618066,318159.3072703864,1.4541322626335316
263716881,22729402,upupa marginata,ANIMALIA,CHORDATA,bucerotiformes,AVES,upupidae,Upupa,marginata,NA,NA,NA,"Cabanis & Heine, 1860",Least Concern,NA,3.1,Stable,Global,NA,upupa marginata,NA,NA,NA,NA,NA,NA,NA,NA,NA,NA,NA,NA,NA,NA,NA,NA,NA,NA,NA,NA,NA,NA,NA,NA,NA,NA,NA,NA,NA,NA,NA,NA,NA,NA,NA,NA,NA,NA,NA,NA,NA,NA,NA,0.253473288,0.007323576,0.031842395,NA,NA,NA,NA,NA,NA,NA,NA,NA,"Artificial - Terrestrial, Forest, Savanna, Grassland","Forest, Savanna, Grassland, Arable & Pastureland, Plantations & Heavily Degraded Former Forest, Urban & Rural Gardens",NA_NA_NA,NA,NA,NA
263787734,22719753,lepidopygia nana,ANIMALIA,CHORDATA,passeriformes,AVES,estrildidae,Lepidopygia,nana,NA,NA,NA,"(Pucheran, 1845)",Least Concern,NA,3.1,Stable,Global,lonchura nana,lonchura nana,12165,Passeriformes,Passeriformes,Estrildidae,"Waxbills, grass finches, munias and allies",169,BL3,Madagascar Munia,0,0,0,0,0,0,0,0,100,0,PlantSeed,Ref_15,A,Jennifer,0,0,50,50,0,0,0,0,Ref_27,1,Jessica,0,8.2,Dunning08,1,NA,NA,0,0,100,100,0.637010004,0.007847161,0,0.34312864063468,-0.3118641796341049,1.9855956741687448,96.7376814272726,0.008199999999999999,0.03034,2.0902057315010882,0.10337233487984722,5.168616743992361,"Artificial - Terrestrial, Shrubland, Savanna, Wetlands (inland), Forest, Grassland","Shrubland, Savanna, Wetlands (inland), Forest, Grassland, Arable & Pastureland, Urban & Rural Gardens",0_100_0,0.9138138523837167,246813.7767003653,1.3855398429393049
263789762,22714629,thamnornis chloropetoides,ANIMALIA,CHORDATA,passeriformes,AVES,bernieridae,Thamnornis,chloropetoides,NA,NA,NA,"(Grandidier, 1867)",Least Concern,NA,3.1,Decreasing,Global,NA,thamnornis chloropetoides,10766,Passeriformes,Passeriformes,Sylviidae,Old World warblers,161,BL3,Thamnornis Warbler,100,0,0,0,0,0,0,0,0,0,Invertebrate,Ref_11,A,Jennifer,0,0,20,80,0,0,0,0,Ref_11,1,Jessica,0,14.3,Dunning08,1,NA,NA,0,0,0,0,0.637010004,0.012465967,0,0.181241393478166,-0.3942902863486723,1.7459011262976636,55.70589116141517,0.0143,0.052910000000000006,2.7602608572379532,0.17951422715819554,8.975711357909777,"Forest, Shrubland","Forest, Shrubland",100_0_0,1.1553360374650619,452447781.40769035,2.7711523806747143
263825832,22715475,bradypterus seebohmi,ANIMALIA,CHORDATA,passeriformes,AVES,locustellidae,Bradypterus,seebohmi,NA,NA,NA,"(Sharpe, 1879)",Least Concern,NA,3.1,Stable,Global,amphilais seebohmi,bradypterus seebohmi,10739,Passeriformes,Passeriformes,Sylviidae,Old World warblers,161,BL3,Benguet Bush-warbler,100,0,0,0,0,0,0,0,0,0,Invertebrate,Ref_11,D1,Jennifer,0,0,50,50,0,0,0,0,Ref_11,1,Jessica,0,11.3,Dunning08,1,NA,NA,0,0,0,0,0.637010004,0,0,0.181241393478166,-0.3593920621914714,1.7683333834548642,58.658828256944005,0.011300000000000001,0.04181000000000001,2.4536992480742215,0.1704773228029185,8.523866140145925,"Shrubland, Grassland, Wetlands (inland), Forest, Artificial - Terrestrial","Shrubland, Grassland, Wetlands (inland), Forest, Arable & Pastureland, Plantations & Heavily Degraded Former Forest",100_0_0,1.0530784434834197,521822177.91331357,2.7791259976384306
263833385,22708218,monticola imerina,ANIMALIA,CHORDATA,passeriformes,AVES,muscicapidae,Monticola,imerina,NA,NA,NA,"(Hartlaub, 1860)",Least Concern,NA,3.1,Stable,Global,NA,monticola imerina,NA,NA,NA,NA,NA,NA,NA,NA,NA,NA,NA,NA,NA,NA,NA,NA,NA,NA,NA,NA,NA,NA,NA,NA,NA,NA,NA,NA,NA,NA,NA,NA,NA,NA,NA,NA,NA,NA,NA,NA,NA,NA,NA,0.637010004,0.012665174,0,NA,NA,NA,NA,NA,NA,NA,NA,NA,"Artificial - Terrestrial, Shrubland, Forest, Savanna","Shrubland, Forest, Savanna, Arable & Pastureland, Urban & Rural Gardens",NA_NA_NA,NA,NA,NA
263866088,22717018,eremopterix hova,ANIMALIA,CHORDATA,passeriformes,AVES,alaudidae,Eremopterix,hova,NA,NA,NA,"(Hartlaub, 1860)",Least Concern,NA,3.1,Increasing,Global,mirafra hova,mirafra hova,11419,Passeriformes,Passeriformes,Alaudidae,Larks,158,BL3,Madagascar Lark,50,0,0,0,0,0,0,0,50,0,Omnivore,Ref_9,B,Carolina,0,0,60,40,0,0,0,0,Ref_9,1,Jessica,0,18.9,Dunning08,1,NA,NA,0,0,50,50,0.637010004,-0.051168678,0,0.28471583669890205,-0.43562779482314146,1.7444034160439303,55.51411440094052,0.0189,0.06993,3.173313725429618,0.180134369572697,9.00671847863485,"Grassland, Savanna, Shrubland","Grassland, Savanna, Shrubland",50_50_0,1.276461804173244,30589183.914345555,2.256996207446622
263875127,22714865,acrocephalus newtoni,ANIMALIA,CHORDATA,passeriformes,AVES,acrocephalidae,Acrocephalus,newtoni,NA,NA,NA,"(Hartlaub, 1863)",Least Concern,NA,3.1,Stable,Global,NA,acrocephalus newtoni,10826,Passeriformes,Passeriformes,Sylviidae,Old World warblers,161,BL3,Madagascar Swamp-warbler,100,0,0,0,0,0,0,0,0,0,Invertebrate,Ref_11,A,Jennifer,0,0,0,100,0,0,0,0,Ref_11,1,Jessica,0,17,Dunning08,1,NA,NA,0,0,0,0,0.637010004,0,0,0.181241393478166,-0.41992462955811327,1.7078008160882225,51.02709167150347,0.017,0.06290000000000001,3.0095846889562687,0.19597432799770143,9.798716399885071,"Wetlands (inland), Forest","Wetlands (inland), Forest",100_0_0,1.2304489213782739,405364371.25417334,2.764518131603888
263924572,103815494,riparia cowani,ANIMALIA,CHORDATA,passeriformes,AVES,hirundinidae,Riparia,cowani,NA,NA,NA,"(Sharpe, 1882)",Least Concern,NA,3.1,Decreasing,Global,NA,riparia cowani,NA,NA,NA,NA,NA,NA,NA,NA,NA,NA,NA,NA,NA,NA,NA,NA,NA,NA,NA,NA,NA,NA,NA,NA,NA,NA,NA,NA,NA,NA,NA,NA,NA,NA,NA,NA,NA,NA,NA,NA,NA,NA,NA,0.637010004,0.099336158,0,NA,NA,NA,NA,NA,NA,NA,NA,NA,"Wetlands (inland), Grassland, Shrubland, Artificial - Terrestrial, Artificial - Aquatic","Wetlands (inland), Grassland, Shrubland, Artificial - Aquatic, Arable & Pastureland",NA_NA_NA,NA,NA,NA
263927430,22718995,ploceus sakalava,ANIMALIA,CHORDATA,passeriformes,AVES,ploceidae,Ploceus,sakalava,NA,NA,NA,"Hartlaub, 1861",Least Concern,NA,3.1,Stable,Global,NA,ploceus sakalava,11983,Passeriformes,Passeriformes,Ploceidae,Weavers and allies,184,BL3,Sakalava Weaver,20,0,0,0,0,0,0,0,70,10,PlantSeed,Ref_15,A,Jennifer,0,0,0,70,30,0,0,0,Ref_32,1,Christian,0,23.8,Dunning08,1,NA,NA,0,0,80,80,0.637010004,-0.010473234,0,0.34312864063468,-0.4697948518681171,1.8093446069347325,64.46806081634291,0.0238,0.08806000000000001,3.5609886267720654,0.15511556999501,7.7557784997505,"Savanna, Forest, Shrubland, Artificial - Terrestrial","Savanna, Forest, Shrubland, Arable & Pastureland, Urban & Rural Gardens",20_80_0,1.376576957056512,2793342.420184549,1.8339806301603814
263946517,22718375,motacilla flaviventris,ANIMALIA,CHORDATA,passeriformes,AVES,motacillidae,Motacilla,flaviventris,NA,NA,NA,"Hartlaub, 1860",Least Concern,NA,3.1,Stable,Global,NA,motacilla flaviventris,11813,Passeriformes,Passeriformes,Motacillidae,Wagtails and pipits,170,BL3,Madagascar Wagtail,90,0,10,0,0,0,0,0,0,0,Invertebrate,Ref_9,A,Carolina,0,0,100,0,0,0,0,0,Ref_48,1,Christian,0,22.5,Dunning08,1,NA,NA,10,0,0,0,0.637010004,0.016179793,0,0.181241393478166,-0.46146957679221595,1.6824356618541199,48.13219437333782,0.0225,0.08325,3.462369131100842,0.20776114885672792,10.388057442836395,"Wetlands (inland), Marine Intertidal, Artificial - Terrestrial, Artificial - Aquatic, Grassland","Wetlands (inland), Marine Intertidal, Artificial - Aquatic, Grassland, Arable & Pastureland, Plantations & Heavily Degraded Former Forest, Urban & Rural Gardens",90_0_10,1.3521825181113625,188078312.42504963,2.6313254451321435
264207947,22724439,cryptosylvicola randrianasoloi,ANIMALIA,CHORDATA,passeriformes,AVES,bernieridae,Cryptosylvicola,randrianasoloi,NA,NA,NA,"Goodman, Langrand & Whitney, 1996",Least Concern,NA,3.1,Decreasing,Global,NA,cryptosylvicola randrianasoloi,10368,Passeriformes,Passeriformes,Sylviidae,Old World warblers,161,BL3,Cryptic Warbler,100,0,0,0,0,0,0,0,0,0,Invertebrate,Ref_11,A,Jennifer,0,0,0,0,100,0,0,0,Ref_11,1,Jessica,0,8.6,Dunning08,1,NA,NA,0,0,0,0,0.637010004,0.012465967,0,0.181241393478166,-0.3189233694654484,1.8212680431808876,66.26253447379177,0.0086,0.03182,2.140579360827344,0.15091484319778337,7.545742159889168,Forest,Forest,100_0_0,0.9344984512435677,612571235.4110347,2.787409626993123
264310506,22708202,monticola sharpei,ANIMALIA,CHORDATA,passeriformes,AVES,muscicapidae,Monticola,sharpei,NA,NA,NA,"(Gray, 1871)",Least Concern,NA,3.1,Decreasing,Global,NA,monticola sharpei,8792,Passeriformes,Passeriformes,Muscicapidae,Chats and Old World flycatchers,167,BL3,Forest Rock-thrush,50,0,0,0,0,0,50,0,0,0,Omnivore,Ref_10,A,Carolina,0,0,70,30,0,0,0,0,Ref_10,1,Jessica,0,24.8,Dunning08,1,NA,NA,0,50,0,50,0.637010004,0.012665174,0,0.28471583669890205,-0.47589509433006244,1.7679699685370096,58.609763446188,0.0248,0.09176,3.635029573469795,0.17062003686777213,8.531001843388607,"Forest, Shrubland, Grassland, Rocky Areas, Artificial - Terrestrial","Forest, Shrubland, Grassland, Rocky Areas, Plantations & Heavily Degraded Former Forest",50_50_0,1.3944516808262162,27828555.256466977,2.256641176727254
265877007,22708028,xenopirostris damii,ANIMALIA,CHORDATA,passeriformes,AVES,vangidae,Xenopirostris,damii,NA,NA,NA,"Schlegel, 1866",Vulnerable,A2c+3c+4c,3.1,Decreasing,Global,NA,xenopirostris damii,8722,Passeriformes,Passeriformes,Vangidae,Vangas,131,BL3,Van Dam's Vanga,70,0,30,0,0,0,0,0,0,0,Invertebrate,Ref_14,A,Carolina,0,0,0,50,50,0,0,0,Ref_48,1,Jessica,0,65,PrimScale,1,MarceloR,NA,30,0,0,0,0.637010004,-0.059180766,-0.241735037,0.181241393478166,-0.6187066821566714,1.2081029604896645,16.147413267182092,0.065,0.24050000000000002,5.88489592091483,0.6192942383114663,30.964711915573318,Forest,Forest,70_0_30,1.8129133566428555,16205654.9325233,2.2148225557300063
268569267,22713039,xanthomixis cinereiceps,ANIMALIA,CHORDATA,passeriformes,AVES,bernieridae,Xanthomixis,cinereiceps,NA,NA,NA,"(Sharpe, 1881)",Near Threatened,A2c+3c+4c,3.1,Decreasing,Global,bernieria cinereiceps,bernieria cinereiceps,10297,Passeriformes,Passeriformes,Sylviidae,Old World warblers,161,BL3,Grey-crowned Tetraka,100,0,0,0,0,0,0,0,0,0,Invertebrate,Ref_10,A,Carolina,0,0,0,20,80,0,0,0,Ref_10,1,Jessica,0,18.2,Dunning08,1,NA,NA,0,0,0,0,0.637010004,0.012465967,0,0.181241393478166,-0.4300341132598217,1.7101572993865142,51.304717357848325,0.0182,0.06734000000000001,3.1139942196478145,0.19491385032394595,9.745692516197296,Forest,Forest,100_0_0,1.2600713879850747,387569855.1413843,2.7616605388906064
270178677,22730713,monticola erythronotus,ANIMALIA,CHORDATA,passeriformes,AVES,muscicapidae,Monticola,erythronotus,NA,NA,NA,"(Lavauden, 1929)",Near Threatened,B1b(iii)+2b(iii),3.1,Stable,Global,NA,monticola erythronotus,19985,Passeriformes,Passeriformes,Muscicapidae,Chats and Old World flycatchers,167,BL3,Amber Mountain Rock-thrush,50,0,0,0,0,0,50,0,0,0,Omnivore,Ref_10,A,Carolina,0,0,100,0,0,0,0,0,Ref_10,1,Jessica,0,28.3,Dunning08,1,NA,NA,0,50,0,50,0.637010004,0.012665174,0,0.28471583669890205,-0.49546216063333104,1.748402902233741,56.02771389117895,0.028300000000000002,0.10471000000000001,3.883070949647972,0.17848309890749278,8.92415494537464,Forest,Forest,50_50_0,1.4517864355242902,26526885.160534784,2.256210394551468
271066681,22695336,eutriorchis astur,ANIMALIA,CHORDATA,accipitriformes,AVES,accipitridae,Eutriorchis,astur,NA,NA,NA,"(Sharpe, 1875)",Endangered,C2a(i),3.1,Decreasing,Global,NA,eutriorchis astur,4684,Nonpasseriformes,Accipitriformes,Accipitridae,"Osprey, kites, hawks and eagles",36,BL3,Madagascar Serpent-eagle,0,20,80,0,0,0,0,0,0,0,VertFishScav,Ref_2,B,Jennifer,0,0,30,30,30,10,0,0,Ref_2,1,Other,0,1790,PrimScale,1,MarceloR,NA,100,0,0,0,-0.462666813,-0.048329803,0,0,-1.1101258088073742,-0.3116483766392043,0.48792337382658013,1.79,40.54555221694644,76.41046734080538,20.495021424315375,1024.751071215769,Forest,Forest,0_0_100,3.2528530309798933,39584.30558097062,1.2718051141504172
271067323,22695121,haliaeetus vociferoides,ANIMALIA,CHORDATA,accipitriformes,AVES,accipitridae,Haliaeetus,vociferoides,NA,NA,NA,"Des Murs, 1845",Critically Endangered,C2a(ii),3.1,Decreasing,Global,NA,haliaeetus vociferoides,4634,Nonpasseriformes,Accipitriformes,Accipitridae,"Osprey, kites, hawks and eagles",36,BL3,Madagascar Fish-eagle,0,0,0,100,0,0,0,0,0,0,VertFishScav,Ref_2,A,Jennifer,0,60,0,0,20,10,10,0,Ref_2,1,Morgane; Walter,0,3000,Dunning08,1,NA,NA,100,0,0,0,-0.462666813,-0.048329803,0,0,-1.1866635253588982,-0.3881860931907283,0.40908533098356437,3,72.67186613795329,102.29735443238634,24.44477775811953,1222.2388879059765,"Marine Coastal/Supratidal, Wetlands (inland), Marine Neritic, Forest, Marine Intertidal","Marine Coastal/Supratidal, Wetlands (inland), Marine Neritic, Forest, Marine Intertidal",0_0_100,3.4771212547196626,40843.219367605096,1.294878654193505
275581330,22716763,oxylabes madagascariensis,ANIMALIA,CHORDATA,passeriformes,AVES,bernieridae,Oxylabes,madagascariensis,NA,NA,NA,"(Gmelin, 1789)",Near Threatened,A2c+3c+4c,3.1,Decreasing,Global,hypositta perdita,oxylabes madagascariensis,11343,Passeriformes,Passeriformes,Sylviidae,Old World warblers,161,BL3,White-throated Oxylabes,100,0,0,0,0,0,0,0,0,0,Invertebrate,Ref_11,A,Jennifer,0,0,50,50,0,0,0,0,Ref_11,1,Jessica,0,23.3,Dunning08,1,NA,NA,0,0,0,0,0.637010004,0.012465967,0,0.181241393478166,-0.46664791901135977,1.6735434936349762,47.156709537676605,0.0233,0.08621000000000001,3.5233847363011606,0.21205890101408242,10.602945050704122,Forest,Forest,100_0_0,1.3673559210260189,328411765.2311305,2.7507704567402897
275707048,22716153,neomixis viridis,ANIMALIA,CHORDATA,passeriformes,AVES,cisticolidae,Neomixis,viridis,NA,NA,NA,"(Sharpe, 1883)",Near Threatened,A2c+3c+4c,3.1,Decreasing,Global,NA,neomixis viridis,11186,Passeriformes,Passeriformes,Timaliidae,Babblers and parrotbills,163,BL3,Green Jery,100,0,0,0,0,0,0,0,0,0,Invertebrate,Ref_11,A,Jennifer,0,0,0,33,33,33,0,0,Ref_11,1,Jessica,0,7,Dunning08,1,NA,NA,0,0,0,0,0.637010004,0.176763928,0,0.181241393478166,-0.2884130135168571,2.0160763601294787,103.77108560120412,0.007,0.025900000000000003,1.9312172327317296,0.09636595726125817,4.8182978630629085,Forest,Forest,100_0_0,0.8450980400142568,689663802.6179216,2.7930903600805377
275831628,22708069,hypositta corallirostris,ANIMALIA,CHORDATA,passeriformes,AVES,vangidae,Hypositta,corallirostris,NA,NA,NA,"(Newton, 1863)",Near Threatened,A2c+3c+4c,3.1,Decreasing,Global,NA,hypositta corallirostris,8731,Passeriformes,Passeriformes,Vangidae,Vangas,131,BL3,Nuthatch Vanga,70,0,0,0,30,0,0,0,0,0,Invertebrate,Ref_14,A,Carolina,0,0,0,30,70,0,0,0,Ref_48,1,Jessica,0,14.1,Dunning08,1,NA,NA,30,0,0,0,0.637010004,-0.059180766,0,0.181241393478166,-0.39220271705578097,1.676341962590555,47.46155494861394,0.0141,0.05217,2.740890366286109,0.21069684739210254,10.534842369605126,Forest,Forest,70_0_30,1.14921911265538,27323468.182795066,2.2159513988646586
275905172,22708016,schetba rufa,ANIMALIA,CHORDATA,passeriformes,AVES,vangidae,Schetba,rufa,NA,NA,NA,"(Linnaeus, 1766)",Near Threatened,A2c+3c+4c,3.1,Decreasing,Global,NA,schetba rufa,8718,Passeriformes,Passeriformes,Vangidae,Vangas,131,BL3,Rufous Vanga,70,0,30,0,0,0,0,0,0,0,Invertebrate,Ref_14,A,Carolina,0,0,33,33,33,0,0,0,Ref_48,1,Jessica,0,37.3,Dunning08,1,NA,NA,30,0,0,0,0.637010004,-0.059180766,0.113212846,0.181241393478166,-0.5363889857623567,1.6453685398839792,44.194532061632835,0.0373,0.13801,4.457963660686345,0.226272335818698,11.3136167909349,Forest,Forest,70_0_30,1.5717088318086876,19584241.637210667,2.2155811863186017
275986985,22715086,newtonia brunneicauda,ANIMALIA,CHORDATA,passeriformes,AVES,vangidae,Newtonia,brunneicauda,NA,NA,NA,"(Newton, 1863)",Least Concern,NA,3.1,Decreasing,Global,NA,newtonia brunneicauda,10883,Passeriformes,Passeriformes,Vangidae,Vangas,131,BL3,Common Newtonia,100,0,0,0,0,0,0,0,0,0,Invertebrate,Ref_11,A,Jennifer,0,0,0,33,33,33,0,0,Ref_11,1,Jessica,0,10.1,Dunning08,1,NA,NA,0,0,0,0,0.637010004,-0.059180766,0.201681662,0.181241393478166,-0.3427523674615968,1.9274739741847389,84.62018572416699,0.0101,0.03737,2.3197586081314583,0.11817511288141812,5.908755644070906,"Forest, Shrubland","Forest, Shrubland",100_0_0,1.0043213737826426,557614918.9164629,2.7826342872651137
276060508,22716772,mystacornis crossleyi,ANIMALIA,CHORDATA,passeriformes,AVES,vangidae,Mystacornis,crossleyi,NA,NA,NA,"(Grandidier, 1870)",Near Threatened,A2c+3c+4c,3.1,Decreasing,Global,NA,mystacornis crossleyi,11345,Passeriformes,Passeriformes,Vangidae,Vangas,131,BL3,Crossley's Babbler,100,0,0,0,0,0,0,0,0,0,Invertebrate,Ref_12,A,Jennifer,0,0,80,20,0,0,0,0,Ref_11,1,Jessica,0,24.5,Dunning08,1,NA,NA,0,0,0,0,0.637010004,-0.059180766,0,0.181241393478166,-0.47409123876352655,1.5944534408828093,39.30551046537189,0.0245,0.09065000000000001,3.6129766121579037,0.2544172529907731,12.720862649538656,Forest,Forest,100_0_0,1.3891660843645324,317561657.0232979,2.748545670146683
276183094,103703584,cyanolanius madagascarinus,ANIMALIA,CHORDATA,passeriformes,AVES,vangidae,Cyanolanius,madagascarinus,NA,NA,NA,"(Linnaeus, 1766)",Near Threatened,A2c+3c+4c,3.1,Decreasing,Global,NA,cyanolanius madagascarinus,8727,Passeriformes,Passeriformes,Vangidae,Vangas,131,BL3,Blue Vanga,90,0,0,0,0,0,10,0,0,0,Invertebrate,Ref_14,A,Carolina,0,0,0,50,50,0,0,0,Ref_48,1,Jessica,0,22.3,Dunning08,1,NA,NA,0,10,0,10,0.637010004,-0.059180766,0,0.181241393478166,-0.46014622005819955,1.6083984595881362,40.588075502898434,0.0223,0.08251,3.446946474780251,0.2463777815552228,12.31888907776114,"Forest, Artificial - Terrestrial","Forest, Plantations & Heavily Degraded Former Forest",90_10_0,1.3483048630481607,231714942.5502289,2.680041386269511
276362945,22712995,xanthomixis zosterops,ANIMALIA,CHORDATA,passeriformes,AVES,bernieridae,Xanthomixis,zosterops,NA,NA,NA,"(Sharpe, 1875)",Near Threatened,A2c+3c+4c,3.1,Decreasing,Global,bernieria zosterops,bernieria zosterops,10294,Passeriformes,Passeriformes,Sylviidae,Old World warblers,161,BL3,Spectacled Tetraka,100,0,0,0,0,0,0,0,0,0,Invertebrate,Ref_10,A,Carolina,0,0,0,80,20,0,0,0,Ref_10,1,Jessica,0,10.85,Dunning08,1,NA,NA,0,0,0,0,0.637010004,0.012465967,0,0.181241393478166,-0.353368954766169,1.786822457880167,61.21001104711295,0.01085,0.040145,2.4043460649415676,0.16337196855434424,8.168598427717212,Forest,Forest,100_0_0,1.0354297381845483,534554772.2859053,2.7804148613480772
276488136,22712985,bernieria madagascariensis,ANIMALIA,CHORDATA,passeriformes,AVES,bernieridae,Bernieria,madagascariensis,NA,NA,NA,"(Gmelin, 1789)",Near Threatened,A2c+3c+4c,3.1,Decreasing,Global,NA,bernieria madagascariensis,10293,Passeriformes,Passeriformes,Sylviidae,Old World warblers,161,BL3,Common Tetraka,80,0,20,0,0,0,0,0,0,0,Invertebrate,Ref_10,A,Carolina,0,0,0,20,80,0,0,0,Ref_10,1,Jessica,0,25.33,Dunning08,1,NA,NA,20,0,0,0,0.637010004,0.012465967,0.054201147,0.181241393478166,-0.4790292200405153,1.7153633396058208,51.92342592177676,0.02533,0.093721,3.673666288600531,0.19259129809857145,9.629564904928571,Forest,Forest,80_0_20,1.403635189790548,51502838.43854283,2.3797172098272856
276491806,22684148,coua gigas,ANIMALIA,CHORDATA,cuculiformes,AVES,cuculidae,Coua,gigas,NA,NA,NA,"(Boddaert, 1783)",Vulnerable,A2cd+3cd+4cd,3.1,Decreasing,Global,NA,coua gigas,1808,Nonpasseriformes,Cuculiformes,Cuculidae,Cuckoos,67,BL3,Giant Coua,90,0,0,0,0,0,0,0,10,0,Invertebrate,Ref_4,A,Carolina,0,0,100,0,0,0,0,0,Ref_4,1,Jessica,0,424,Dunning08,1,NA,NA,0,0,10,10,-0.065712095,-0.006864233,0,0.181241393478166,-0.8966610599385902,0.5214780537077457,3.3225999462428653,0.424,1.5688,15.030209579377129,3.009691254376807,150.48456271884035,"Shrubland, Forest","Shrubland, Forest",90_10_0,2.6273658565927325,35870036.42067734,2.5549907303469808
276536799,22707821,pseudobias wardi,ANIMALIA,CHORDATA,passeriformes,AVES,vangidae,Pseudobias,wardi,NA,NA,NA,"Sharpe, 1870",Near Threatened,A2c+3c+4c,3.1,Decreasing,Global,NA,pseudobias wardi,8681,Passeriformes,Passeriformes,Vangidae,Vangas,131,BL3,Ward's Flycatcher,100,0,0,0,0,0,0,0,0,0,Invertebrate,Ref_11,A,Jennifer,0,0,0,0,100,0,0,0,Ref_11,1,Jessica,0,12.7,Dunning08,1,NA,NA,0,0,0,0,0.637010004,-0.059180766,0,0.181241393478166,-0.37670346210560013,1.6918412175407358,49.18596739275726,0.0127,0.04699,2.6012612325562383,0.20331001970843662,10.165500985421831,Forest,Forest,100_0_0,1.1038037209559568,486522223.7322089,2.775286456096502
276597946,103771036,neomixis striatigula,ANIMALIA,CHORDATA,passeriformes,AVES,cisticolidae,Neomixis,striatigula,NA,NA,NA,"Sharpe, 1881",Near Threatened,A2c+3c+4c,3.1,Decreasing,Global,NA,neomixis striatigula,11187,Passeriformes,Passeriformes,Timaliidae,Babblers and parrotbills,163,BL3,Stripe-throated Jery,100,0,0,0,0,0,0,0,0,0,Invertebrate,Ref_11,A,Jennifer,0,0,0,0,0,100,0,0,Ref_11,1,Jessica,0,8.3,Dunning08,1,NA,NA,0,0,0,0,0.637010004,0.176763928,0,0.181241393478166,-0.3136607467164828,1.990828626929853,97.91035538540457,0.0083,0.03071,2.102912266358252,0.10213424270228615,5.106712135114307,Forest,Forest,100_0_0,0.919078092376074,625367097.8550216,2.7884316885690748
276687577,22725447,coua olivaceiceps,ANIMALIA,CHORDATA,cuculiformes,AVES,cuculidae,Coua,olivaceiceps,NA,NA,NA,"(Sharpe, 1873)",Least Concern,NA,3.1,Decreasing,Global,NA,coua olivaceiceps,NA,NA,NA,NA,NA,NA,NA,NA,NA,NA,NA,NA,NA,NA,NA,NA,NA,NA,NA,NA,NA,NA,NA,NA,NA,NA,NA,NA,NA,NA,NA,NA,NA,NA,NA,NA,NA,NA,NA,NA,NA,NA,NA,-0.065712095,-0.006864233,0,NA,NA,NA,NA,NA,NA,NA,NA,NA,"Artificial - Terrestrial, Shrubland, Forest","Shrubland, Forest, Plantations & Heavily Degraded Former Forest",NA_NA_NA,NA,NA,NA
276787376,22690000,gactornis enarratus,ANIMALIA,CHORDATA,caprimulgiformes,AVES,caprimulgidae,Gactornis,enarratus,NA,NA,NA,"(Gray, 1871)",Near Threatened,A2cd+3cd+4cd,3.1,Decreasing,Global,caprimulgus enarratus,caprimulgus enarratus,3287,Nonpasseriformes,Caprimulgiformes,Caprimulgidae,Nightjars,75,BL3,Collared Nightjar,100,0,0,0,0,0,0,0,0,0,Invertebrate,Ref_5,C,Hamish,0,0,0,10,20,30,40,0,Ref_5,1,Other,1,52.8,Dunning08,1,NA,NA,0,0,0,0,0.064764599,0.018196159,0,0.181241393478166,-0.5878963354073801,0.9857798642389559,9.677871786697422,0.0528,0.19536,5.3039457010795275,1.033285025923298,51.6642512961649,Forest,Forest,100_0_0,1.7226339225338123,190692551.46716002,2.714056550514039
276800431,22727885,coracopsis nigra,ANIMALIA,CHORDATA,psittaciformes,AVES,psittacidae,Coracopsis,nigra,NA,NA,NA,"(Linnaeus, 1758)",Vulnerable,A2cd+3cd+4cd,3.1,Decreasing,Global,NA,coracopsis nigra,2096,Nonpasseriformes,Psittaciformes,Psittacidae,Parrots,68,BL3,Black Parrot,0,0,0,0,0,0,60,0,20,20,FruiNect,Ref_4,A,Carolina,0,0,0,40,40,20,0,0,Ref_4,1,Jessica,0,186.24,Dunning08,1,NA,NA,0,60,40,100,0.277410027,0.024705881,-0.251364021,0.42760614375972505,-0.7747250060386061,1.0131070728892886,10.306401877275169,0.18624000000000002,0.6890880000000001,9.961358943437387,0.9702707229037166,48.51353614518583,"Savanna, Forest","Savanna, Forest",0_100_0,2.2700729629697944,243187.69300611972,1.498912726955284
276888758,22689425,athene superciliaris,ANIMALIA,CHORDATA,strigiformes,AVES,strigidae,Athene,superciliaris,NA,NA,NA,"(Vieillot, 1817)",Least Concern,NA,3.1,Decreasing,Global,ninox superciliaris,ninox superciliaris,3091,Nonpasseriformes,Strigiformes,Strigidae,Owls,71,BL3,White-browed Hawk-owl,60,20,20,0,0,0,0,0,0,0,Invertebrate,Ref_5,A,Hamish,0,0,90,10,0,0,0,0,Ref_5,1,Christian,1,231,Dunning08,1,NA,NA,40,0,0,0,0.019870994,0.002075708,0,0.181241393478166,-0.8066477753205276,0.7060143683258083,5.081762549344674,0.231,0.8547000000000001,11.093998377501233,1.9678211846575877,98.39105923287939,"Forest, Savanna, Shrubland","Forest, Savanna, Shrubland",60_0_40,2.3636119798921444,5140298.482338364,2.074760112880049
276920758,22691588,alectroenas madagascariensis,ANIMALIA,CHORDATA,columbiformes,AVES,columbidae,Alectroenas,madagascariensis,NA,NA,NA,"(Linnaeus, 1766)",Near Threatened,A2cd+3cd+4cd,3.1,Decreasing,Global,NA,alectroenas madagascariensis,3607,Nonpasseriformes,Columbiformes,Columbidae,Doves and pigeons,65,BL3,Madagascar Blue-pigeon,0,0,0,0,0,0,100,0,0,0,FruiNect,Ref_4,B,Carolina,0,0,0,33,33,33,0,0,Ref_4,1,Jessica,0,173,Dunning08,1,NA,NA,0,100,0,100,0.305721834,0.031935457,0,0.42760614375972505,-0.7637949568338195,1.3109425260940752,20.461738311097466,0.173,0.6401,9.600749970705413,0.48871703117112386,24.435851558556195,"Forest, Artificial - Terrestrial","Forest, Plantations & Heavily Degraded Former Forest, Urban & Rural Gardens",0_100_0,2.2380461031287955,243984.81284700797,1.4965113612505296
276927379,22695415,polyboroides radiatus,ANIMALIA,CHORDATA,accipitriformes,AVES,accipitridae,Polyboroides,radiatus,NA,NA,NA,"(Scopoli, 1786)",Least Concern,NA,3.1,Decreasing,Global,NA,polyboroides radiatus,4704,Nonpasseriformes,Accipitriformes,Accipitridae,"Osprey, kites, hawks and eagles",36,BL3,Madagascar Harrier-hawk,60,20,20,0,0,0,0,0,0,0,Invertebrate,Ref_2,A,Jennifer,0,0,20,20,30,20,10,0,Ref_2,1,Other,0,570,GenAvg,0,NA,NA,40,0,0,0,-0.462666813,-0.048329803,0,0.181241393478166,-0.9405183000855476,0.039200525560788346,1.0944615922752627,0.57,2.109,17.426875795735736,9.136912679787258,456.8456339893629,"Forest, Artificial - Terrestrial, Savanna, Grassland, Wetlands (inland)","Forest, Savanna, Grassland, Wetlands (inland), Arable & Pastureland, Plantations & Heavily Degraded Former Forest",60_0_40,2.7558748556724915,3656937.3040398885,2.0679667629109204
276950030,22729398,tylas eduardi,ANIMALIA,CHORDATA,passeriformes,AVES,vangidae,Tylas,eduardi,NA,NA,NA,"Hartlaub, 1862",Near Threatened,A2c+3c+4c,3.1,Decreasing,Global,NA,tylas eduardi,8730,Passeriformes,Passeriformes,Vangidae,Vangas,131,BL3,Tylas Vanga,100,0,0,0,0,0,0,0,0,0,Invertebrate,Ref_14,A,Carolina,0,0,0,20,40,40,0,0,Ref_48,1,Jessica,0,46.8,Dunning08,1,NA,NA,0,0,0,0,0.637010004,-0.059180766,0,0.181241393478166,-0.5700174618687025,1.4985272177776334,31.515718869620496,0.046799999999999994,0.17315999999999998,4.993499774707114,0.31730198004905663,15.865099002452832,"Forest, Artificial - Terrestrial","Forest, Plantations & Heavily Degraded Former Forest",100_0_0,1.670245853074124,206473071.27725533,2.719476530115289
277085080,22694950,aviceda madagascariensis,ANIMALIA,CHORDATA,accipitriformes,AVES,accipitridae,Aviceda,madagascariensis,NA,NA,NA,"(Smith, 1834)",Least Concern,NA,3.1,Decreasing,Global,NA,aviceda madagascariensis,4579,Nonpasseriformes,Accipitriformes,Accipitridae,"Osprey, kites, hawks and eagles",36,BL3,Madagascar Baza,30,0,70,0,0,0,0,0,0,0,VertFishScav,Ref_2,A,Jennifer,0,0,33,33,33,0,0,0,Ref_2,1,Jessica,0,292,GenAvg,0,NA,NA,70,0,0,0,-0.462666813,-0.048329803,0,0,-0.8413798920265216,-0.04290245985835173,0.9059360462827103,0.292,5.225187952826708,27.43040402923453,11.038306777870893,551.9153388935447,"Forest, Artificial - Terrestrial, Savanna, Shrubland","Forest, Savanna, Shrubland, Plantations & Heavily Degraded Former Forest",30_0_70,2.4653828514484184,710634.7843242243,1.7100774340408085
280894502,22727481,charadrius bifrontatus,ANIMALIA,CHORDATA,charadriiformes,AVES,charadriidae,Charadrius,bifrontatus,NA,NA,NA,"Cabanis, 1882",Least Concern,NA,3.1,Decreasing,Global,NA,charadrius bifrontatus,NA,NA,NA,NA,NA,NA,NA,NA,NA,NA,NA,NA,NA,NA,NA,NA,NA,NA,NA,NA,NA,NA,NA,NA,NA,NA,NA,NA,NA,NA,NA,NA,NA,NA,NA,NA,NA,NA,NA,NA,NA,NA,NA,0.067490082,0.065481706,0,NA,NA,NA,NA,NA,NA,NA,NA,NA,"Wetlands (inland), Marine Coastal/Supratidal","Wetlands (inland), Marine Coastal/Supratidal",NA_NA_NA,NA,NA,NA
280896140,103894037,copsychus albospecularis,ANIMALIA,CHORDATA,passeriformes,AVES,muscicapidae,Copsychus,albospecularis,NA,NA,NA,"(Eydoux &amp; Gervais, 1836)",Least Concern,NA,3.1,Decreasing,Global,NA,copsychus albospecularis,9276,Passeriformes,Passeriformes,Muscicapidae,Chats and Old World flycatchers,167,BL3,Madagascar Magpie-robin,60,0,20,0,0,0,20,0,0,0,Invertebrate,Ref_10,A,Carolina,0,0,33,33,33,0,0,0,Ref_11,1,Jessica,0,22.74,Dunning08,1,NA,NA,20,20,0,20,0.637010004,0.012665174,0.042018841,0.181241393478166,-0.46304216416637384,1.7193672964799622,52.404344922419064,0.02274,0.084138,3.4807861181060815,0.19082387185269264,9.541193592634633,"Artificial - Terrestrial, Forest","Forest, Plantations & Heavily Degraded Former Forest, Urban & Rural Gardens",60_20_20,1.356790460351716,16082672.060768,2.145474394118186
280896777,22708020,vanga curvirostris,ANIMALIA,CHORDATA,passeriformes,AVES,vangidae,Vanga,curvirostris,NA,NA,NA,"(Linnaeus, 1766)",Least Concern,NA,3.1,Decreasing,Global,NA,vanga curvirostris,8720,Passeriformes,Passeriformes,Vangidae,Vangas,131,BL3,Hook-billed Vanga,50,30,20,0,0,0,0,0,0,0,Omnivore,Ref_14,A,Carolina,0,0,0,50,50,0,0,0,Ref_48,1,Jessica,0,64.17,Dunning08,1,NA,NA,50,0,0,0,0.637010004,-0.059180766,0,0.28471583669890205,-0.6168019036806018,1.55521721918647,35.910149997404105,0.06417,0.23742900000000003,5.847202407989654,0.27847279949325987,13.923639974662994,"Forest, Savanna, Artificial - Terrestrial","Forest, Savanna, Plantations & Heavily Degraded Former Forest",50_0_50,1.8073320392911905,4073932.588104771,1.9512675037516705
280903057,22682955,atelornis pittoides,ANIMALIA,CHORDATA,coraciiformes,AVES,brachypteraciidae,Atelornis,pittoides,NA,NA,NA,"(Lafresnaye, 1834)",Least Concern,NA,3.1,Decreasing,Global,NA,atelornis pittoides,1506,Nonpasseriformes,Coraciiformes,Brachypteraciidae,Ground-rollers,83,BL3,Pitta-like Ground-roller,80,0,20,0,0,0,0,0,0,0,Invertebrate,Ref_6,A,Hamish,0,0,100,0,0,0,0,0,Ref_6,1,Christian,0,91.5,Dunning08,1,NA,NA,20,0,0,0,0.027146623,0,0,0.181241393478166,-0.669389043318207,0.8484730213281289,7.054610189658156,0.0915,0.33855,6.9822059551405395,1.41751276557558,70.87563827877901,NA,NA,80_0_20,1.9614210940664483,29277562.115648158,2.361702011927232
280904533,22708046,leptopterus chabert,ANIMALIA,CHORDATA,passeriformes,AVES,vangidae,Leptopterus,chabert,NA,NA,NA,"(Müller, 1776)",Least Concern,NA,3.1,Decreasing,Global,NA,leptopterus chabert,8726,Passeriformes,Passeriformes,Vangidae,Vangas,131,BL3,Chabert's Vanga,70,0,20,0,0,0,10,0,0,0,Invertebrate,Ref_14,A,Carolina,0,0,0,50,50,0,0,0,Ref_48,1,Jessica,0,19.6,Dunning08,1,NA,NA,20,10,0,10,0.637010004,-0.059180766,0,0.181241393478166,-0.44101802409704854,1.6275266555492873,42.415701645699606,0.019600000000000003,0.072520000000000015,3.231544522360786,0.2357617488808857,11.788087444044285,"Forest, Artificial - Terrestrial, Shrubland","Forest, Shrubland, Plantations & Heavily Degraded Former Forest",70_10_20,1.2922560713564761,35086219.27269055,2.286113533109276
280904719,103771124,neomixis pallidior,ANIMALIA,CHORDATA,passeriformes,AVES,cisticolidae,Neomixis,pallidior,NA,NA,NA,"Salomonsen, 1934",Least Concern,NA,3.1,Decreasing,Global,NA,neomixis pallidior,NA,NA,NA,NA,NA,NA,NA,NA,NA,NA,NA,NA,NA,NA,NA,NA,NA,NA,NA,NA,NA,NA,NA,NA,NA,NA,NA,NA,NA,NA,NA,NA,NA,NA,NA,NA,NA,NA,NA,NA,NA,NA,NA,0.637010004,0.176763928,0,NA,NA,NA,NA,NA,NA,NA,NA,NA,"Forest, Shrubland","Forest, Shrubland",NA_NA_NA,NA,NA,NA
280905071,22708037,artamella viridis,ANIMALIA,CHORDATA,passeriformes,AVES,vangidae,Artamella,viridis,NA,NA,NA,"(Müller, 1776)",Least Concern,NA,3.1,Decreasing,Global,NA,artamella viridis,8725,Passeriformes,Passeriformes,Vangidae,Vangas,131,BL3,White-headed Vanga,60,0,20,0,0,0,10,0,10,0,Invertebrate,Ref_14,A,Carolina,0,0,0,30,70,0,0,0,Ref_48,1,Jessica,0,48.8,Dunning08,1,NA,NA,20,10,10,20,0.637010004,-0.059180766,0,0.181241393478166,-0.5762198299941416,1.4923248496521944,31.06882648678574,0.048799999999999996,0.18056,5.099082270369836,0.32186603521228013,16.093301760614008,"Savanna, Artificial - Terrestrial, Forest","Savanna, Forest, Plantations & Heavily Degraded Former Forest",60_20_20,1.6884198220027107,12396838.547157457,2.144674327627132
280909193,22716148,neomixis tenella,ANIMALIA,CHORDATA,passeriformes,AVES,cisticolidae,Neomixis,tenella,NA,NA,NA,"(Hartlaub, 1866)",Least Concern,NA,3.1,Decreasing,Global,NA,neomixis tenella,11185,Passeriformes,Passeriformes,Timaliidae,Babblers and parrotbills,163,BL3,Common Jery,100,0,0,0,0,0,0,0,0,0,Invertebrate,Ref_11,A,Jennifer,0,0,10,30,30,30,0,0,Ref_11,1,Other,0,6.88,Dunning08,1,NA,NA,0,0,0,0,0.637010004,0.176763928,0.071203321,0.181241393478166,-0.28585015479897036,2.0898425398473655,122.98227987750427,0.00688,0.025456,1.9145923848171966,0.08131252738167187,4.065626369083594,"Forest, Artificial - Terrestrial, Shrubland","Forest, Shrubland, Plantations & Heavily Degraded Former Forest, Urban & Rural Gardens",100_0_0,0.8375884382355113,696467946.3431585,2.7935413506940447
280920313,22724542,nesillas lantzii,ANIMALIA,CHORDATA,passeriformes,AVES,acrocephalidae,Nesillas,lantzii,NA,NA,NA,"(Grandidier, 1867)",Least Concern,NA,3.1,Decreasing,Global,NA,nesillas lantzii,20022,Passeriformes,Passeriformes,Sylviidae,Old World warblers,161,BL3,Lantz's Brush-warbler,100,0,0,0,0,0,0,0,0,0,Invertebrate,Ref_11,A,Jennifer,0,0,20,80,0,0,0,0,Ref_11,1,Jessica,0,19.68,Dunning08,1,NA,NA,0,0,0,0,0.637010004,0,0,0.181241393478166,-0.4416217518954019,1.6861036937509337,48.540438326656215,0.01968,0.072816,3.238132795300403,0.20601379684098262,10.300689842049131,"Forest, Shrubland","Forest, Shrubland",100_0_0,1.2940250940953226,367881522.57968134,2.758272819401052
280925637,103694485,ceblepyris cinereus,ANIMALIA,CHORDATA,passeriformes,AVES,campephagidae,Ceblepyris,cinereus,NA,NA,NA,"(Müller, 1776)",Least Concern,NA,3.1,Decreasing,Global,NA,ceblepyris cinereus,NA,NA,NA,NA,NA,NA,NA,NA,NA,NA,NA,NA,NA,NA,NA,NA,NA,NA,NA,NA,NA,NA,NA,NA,NA,NA,NA,NA,NA,NA,NA,NA,NA,NA,NA,NA,NA,NA,NA,NA,NA,NA,NA,0.637010004,-0.126531705,0,NA,NA,NA,NA,NA,NA,NA,NA,NA,"Forest, Artificial - Terrestrial, Shrubland","Forest, Shrubland, Plantations & Heavily Degraded Former Forest",NA_NA_NA,NA,NA,NA
280927982,22696414,falco zoniventris,ANIMALIA,CHORDATA,falconiformes,AVES,falconidae,Falco,zoniventris,NA,NA,NA,"Peters, 1854",Least Concern,NA,3.1,Decreasing,Global,NA,falco zoniventris,4955,Nonpasseriformes,Falconiformes,Falconidae,Falcons and caracaras,35,BL3,Banded Kestrel,20,20,60,0,0,0,0,0,0,0,VertFishScav,Ref_2,A,Jennifer,0,0,20,30,30,20,0,0,Ref_2,1,Other,0,174,Dunning08,1,NA,NA,80,0,0,0,-0.304799479,-0.031839108,0,0,-0.7646492241529895,0.20818623701518046,1.6150509851323185,0.174,2.9109848506788336,20.473930216198163,6.191754992292529,309.58774961462643,"Artificial - Terrestrial, Savanna, Shrubland, Forest","Savanna, Shrubland, Forest, Plantations & Heavily Degraded Former Forest",20_0_80,2.2405492482826,297874.87671301723,1.5318203602381122
280930888,103894121,copsychus pica,ANIMALIA,CHORDATA,passeriformes,AVES,muscicapidae,Copsychus,pica,NA,NA,NA,"Pelzeln, 1858",Least Concern,NA,3.1,Decreasing,Global,NA,copsychus pica,NA,NA,NA,NA,NA,NA,NA,NA,NA,NA,NA,NA,NA,NA,NA,NA,NA,NA,NA,NA,NA,NA,NA,NA,NA,NA,NA,NA,NA,NA,NA,NA,NA,NA,NA,NA,NA,NA,NA,NA,NA,NA,NA,0.637010004,0.012665174,0,NA,NA,NA,NA,NA,NA,NA,NA,NA,"Forest, Artificial - Terrestrial, Shrubland","Forest, Shrubland, Plantations & Heavily Degraded Former Forest",NA_NA_NA,NA,NA,NA
280940700,22692241,sarothrura insularis,ANIMALIA,CHORDATA,gruiformes,AVES,rallidae,Sarothrura,insularis,NA,NA,NA,"(Sharpe, 1870)",Least Concern,NA,3.1,Unknown,Global,NA,sarothrura insularis,3792,Nonpasseriformes,Gruiformes,Rallidae,"Rails, crakes and allies",42,BL3,Madagascar Flufftail,50,0,0,0,0,0,0,0,50,0,Omnivore,Ref_3,B,Carolina,0,0,100,0,0,0,0,0,Ref_3,1,Jessica,0,26.8,Dunning08,1,NA,NA,0,0,50,50,0.12852617,-0.119324896,0,0.28471583669890205,-0.48739038567308757,1.1160007731939845,13.061732135686466,0.0268,0.09916000000000001,3.7787617019335844,0.7655952438864223,38.279762194321115,"Artificial - Terrestrial, Grassland, Wetlands (inland), Shrubland, Forest","Grassland, Wetlands (inland), Shrubland, Forest, Arable & Pastureland, Plantations & Heavily Degraded Former Forest",50_50_0,1.4281347940287887,27059824.44483748,2.256406108454503
280951112,22735960,otus rutilus,ANIMALIA,CHORDATA,strigiformes,AVES,strigidae,Otus,rutilus,NA,NA,NA,"(Pucheran, 1849)",Least Concern,NA,3.1,Decreasing,Global,NA,otus rutilus,2917,Nonpasseriformes,Strigiformes,Strigidae,Owls,71,BL3,Malagasy Scops-owl,90,0,0,0,10,0,0,0,0,0,Invertebrate,Ref_5,B,Hamish,0,0,10,40,40,10,0,0,Ref_5,1,Christian,1,101,Dunning08,1,NA,NA,10,0,0,0,0.019870994,0.002075708,0,0.181241393478166,-0.6840299469386378,0.828632196707698,6.739570128352532,0.101,0.37370000000000003,7.335720823477404,1.483774159116061,74.18870795580304,"Artificial - Terrestrial, Forest, Shrubland","Forest, Shrubland, Plantations & Heavily Degraded Former Forest, Urban & Rural Gardens",90_0_10,2.0043213737826426,75206423.85231914,2.5745875070956674
280957422,103804241,cinnyris notatus,ANIMALIA,CHORDATA,passeriformes,AVES,nectariniidae,Cinnyris,notatus,NA,NA,NA,"(Müller, 1776)",Least Concern,NA,3.1,Decreasing,Global,nectarinia notata,nectarinia notata,11699,Passeriformes,Passeriformes,Nectariniidae,Sunbirds,168,BL3,Long-billed Green Sunbird,40,0,0,0,0,0,0,30,30,0,Omnivore,Ref_13,A,Carolina,0,0,0,0,30,70,0,0,Ref_28,1,Christian,0,14.57,Dunning08,1,NA,NA,0,30,30,60,0.637010004,0.27489824,0,0.28471583669890205,-0.3970626596475053,2.1090354692195667,128.5391634743686,0.01457,0.053909,2.786197408655747,0.07779730106921114,3.8898650534605563,"Forest, Artificial - Terrestrial","Forest, Urban & Rural Gardens",40_60_0,1.1634595517699902,17887302.209174383,2.1406661481935645
280968949,22727848,treron australis,ANIMALIA,CHORDATA,columbiformes,AVES,columbidae,Treron,australis,NA,NA,NA,"(Linnaeus, 1771)",Least Concern,NA,3.1,Decreasing,Global,NA,treron australis,3544,Nonpasseriformes,Columbiformes,Columbidae,Doves and pigeons,65,BL3,Madagascar Green-pigeon,0,0,0,0,0,0,100,0,0,0,FruiNect,Ref_4,A,Carolina,0,0,0,20,20,60,0,0,Ref_4,1,Other,0,229,Dunning08,1,NA,NA,0,100,0,100,0.305721834,0.031935457,-0.264881892,0.42760614375972505,-0.8053589413769925,1.0044966495509025,10.104077055117337,0.229,0.8473,11.045868005729563,0.9896994990685839,49.484974953429194,"Shrubland, Artificial - Terrestrial, Forest, Savanna","Shrubland, Forest, Savanna, Plantations & Heavily Degraded Former Forest",0_100_0,2.359835482339888,240795.05382129934,1.505572519940606
280970502,22715090,newtonia archboldi,ANIMALIA,CHORDATA,passeriformes,AVES,vangidae,Newtonia,archboldi,NA,NA,NA,"Delacour & Berlioz, 1931",Least Concern,NA,3.1,Decreasing,Global,NA,newtonia archboldi,10884,Passeriformes,Passeriformes,Vangidae,Vangas,131,BL3,Archbold's Newtonia,100,0,0,0,0,0,0,0,0,0,Invertebrate,Ref_11,A,Jennifer,0,0,0,100,0,0,0,0,Ref_11,1,Jessica,0,7.8,Dunning08,1,NA,NA,0,0,0,0,0.637010004,-0.059180766,0,0.181241393478166,-0.30445188667073975,1.764092792975596,58.08885190660904,0.0078,0.02886,2.038587746455865,0.1721500713437625,8.607503567188125,"Shrubland, Forest","Shrubland, Forest",100_0_0,0.8920946026904804,648258666.5842882,2.790177867260369
280973066,22714564,bradypterus brunneus,ANIMALIA,CHORDATA,passeriformes,AVES,locustellidae,Bradypterus,brunneus,NA,NA,NA,"(Sharpe, 1877)",Least Concern,NA,3.1,Decreasing,Global,dromaeocercus brunneus,dromaeocercus brunneus,10747,Passeriformes,Passeriformes,Sylviidae,Old World warblers,161,BL3,Brown Emu-tail,100,0,0,0,0,0,0,0,0,0,Invertebrate,Ref_11,A,Jennifer,0,0,0,100,0,0,0,0,Ref_11,1,Jessica,0,14.2,Dunning08,1,NA,NA,0,0,0,0,0.637010004,0,0,0.181241393478166,-0.39325017703065657,1.7344752686156792,54.259435180785005,0.014199999999999999,0.052539999999999996,2.750592663409106,0.18429974375297808,9.214987187648903,Forest,Forest,100_0_0,1.1522883443830565,454416582.9127245,2.771404074438583
