assessmentId,internalTaxonId,scientificName,kingdomName,phylumName,orderName,className,familyName,genusName,speciesName,infraType,infraName,infraAuthority,authority,redlistCategory,redlistCriteria,criteriaVersion,populationTrend,scopes,candidate,scientific_resolved,MSW3_ID,MSWFamilyLatin,Diet.Inv,Diet.Vend,Diet.Vect,Diet.Vfish,Diet.Vunk,Diet.Scav,Diet.Fruit,Diet.Nect,Diet.Seed,Diet.PlantO,Diet.Source,Diet.Certainty,ForStrat.Value,ForStrat.Certainty,ForStrat.Comment,Activity.Nocturnal,Activity.Crepuscular,Activity.Diurnal,Activity.Source,Activity.Certainty,BodyMass.Value,BodyMass.Source,BodyMass.SpecLevel,Diet.VertFishScav,Diet.FruiNect,Diet.PlantSeed,Diet.AllPlants,Diet.AllAnimal,Diet,Effect_Order,Effect_Family,Effect_Species,effect_diet,log10_density,density,body_mass_kg,home_range_size,dispersal_dist,min_patch_size,min_patch_size500,level1_habitats,habitats_mixed,a_pred,b_pred
16113437,13325,microcebus myoxinus,ANIMALIA,CHORDATA,primates,MAMMALIA,cheirogaleidae,Microcebus,myoxinus,NA,NA,NA,"Peters, 1852",Vulnerable,A2c+4c,3.1,Decreasing,Global,NA,microcebus myoxinus,483,Cheirogaleidae,20,0,20,0,0,0,30,10,0,20,Ref_2,D1,Ar,A,NA,1,0,0,Ref_1,ABC,30,Ref_117,1,20,40,20,60,40,omnivore,-0.02762622,0.445551765,0.249764544,-0.0552981064,2.6069327617768017,404.51325940635047,0.03,0.00162,0.22539565213197876,0.024721068512502286,1.2360534256251143,Forest,Forest,189453680.56777874,2.218948274576237
16971464,16971461,microcebus gerpi,ANIMALIA,CHORDATA,primates,MAMMALIA,cheirogaleidae,Microcebus,gerpi,NA,NA,NA,"Radespiel, Ratsimbazafy, Rasoloharijaona, Raveloson, Andriaholinirina, Rakotondravony, Randrianarison  &amp; Randrianambinina, 2012",Critically Endangered,"B1ab(i,ii,iii)+2ab(i,ii,iii)",3.1,Decreasing,Global,NA,microcebus gerpi,NA,NA,NA,NA,NA,NA,NA,NA,NA,NA,NA,NA,NA,NA,NA,NA,NA,NA,NA,NA,NA,NA,NA,NA,NA,NA,NA,NA,NA,NA,NA,-0.02762622,0.445551765,0,0,NA,NA,NA,NA,NA,NA,NA,Forest,Forest,NA,NA
17971784,136532,palaeopropithecus ingens,ANIMALIA,CHORDATA,primates,MAMMALIA,palaeopropithecidae,Palaeopropithecus,ingens,NA,NA,NA,"G. Grandidier, 1899",Extinct,NA,3.1,NA,Global,NA,palaeopropithecus ingens,NA,NA,NA,NA,NA,NA,NA,NA,NA,NA,NA,NA,NA,NA,NA,NA,NA,NA,NA,NA,NA,NA,NA,NA,NA,NA,NA,NA,NA,NA,NA,-0.02762622,0,0,0,NA,NA,NA,NA,NA,NA,NA,Unknown,Unknown,NA,NA
21282528,136628,microgale jobihely,ANIMALIA,CHORDATA,afrosoricida,MAMMALIA,tenrecidae,Microgale,jobihely,NA,NA,NA,"Goodman, Raxworthy, Maminirina &amp; Olson, 2006",Endangered,B2ab(iii),3.1,Unknown,Global,NA,microgale jobihely,NA,NA,NA,NA,NA,NA,NA,NA,NA,NA,NA,NA,NA,NA,NA,NA,NA,NA,NA,NA,NA,NA,NA,NA,NA,NA,NA,NA,NA,NA,NA,0,0,0,0,NA,NA,NA,NA,NA,NA,NA,Forest,Forest,NA,NA
22155877,41788,cervus nippon,ANIMALIA,CHORDATA,artiodactyla,MAMMALIA,cervidae,Cervus,nippon,NA,NA,NA,"Temminck, 1838",Least Concern,NA,3.1,Increasing,Global,NA,cervus nippon,5308,Cervidae,0,0,0,0,0,0,0,0,0,100,Ref_1,ABC,G,A,NA,1,1,0,Ref_1,ABC,53000,Ref_117,1,0,0,100,100,0,herbivore,0,0.097720054,0,-0.1003301887,0.9215028194284092,8.346469667659976,53,2.862,9.473770104873772,1.198111345057294,59.9055672528647,"Grassland, Forest, Shrubland, Artificial - Terrestrial","Grassland, Forest, Shrubland, Arable & Pastureland",74897450.16995753,2.6406663948282083
22233042,136539,monticolomys koopmani,ANIMALIA,CHORDATA,rodentia,MAMMALIA,nesomyidae,Monticolomys,koopmani,NA,NA,NA,"Carleton &amp; Goodman, 1996",Least Concern,NA,3.1,Unknown,Global,NA,monticolomys koopmani,1305,Nesomyidae,10,0,0,0,0,0,20,0,50,20,Ref_1,ABC,S,A,NA,1,0,0,Ref_3,D2,25,Ref_117,1,0,20,70,90,10,herbivore,0.664079616,-0.218962906,0,-0.1003301887,2.3654294788587458,231.9687481978352,0.025,0.00135,0.20575713839378695,0.04310925535310244,2.155462767655122,Forest,Forest,163300155.81671488,2.1841630694634393
22234256,2997,brachyuromys betsileoensis,ANIMALIA,CHORDATA,rodentia,MAMMALIA,nesomyidae,Brachyuromys,betsileoensis,NA,NA,NA,"(Bartlett, 1880)",Least Concern,NA,3.1,Unknown,Global,NA,brachyuromys betsileoensis,1326,Nesomyidae,10,0,0,0,0,0,30,0,50,10,Ref_1,ABC,Ar,A,NA,1,1,1,Ref_1,ABC,92.5,Ref_117,1,0,30,60,90,10,herbivore,0.664079616,-0.218962906,0,-0.1003301887,2.1781212019770653,150.70275855472127,0.0925,0.004995,0.39578175804349547,0.06635578602477225,3.3177893012386126,"Wetlands (inland), Shrubland, Forest, Grassland","Wetlands (inland), Shrubland, Forest, Grassland",350773357.76497865,2.396159902126035
22234363,2998,brachyuromys ramirohitra,ANIMALIA,CHORDATA,rodentia,MAMMALIA,nesomyidae,Brachyuromys,ramirohitra,NA,NA,NA,"Major, 1896",Least Concern,NA,3.1,Unknown,Global,NA,brachyuromys ramirohitra,1327,Nesomyidae,10,0,0,0,0,0,30,0,50,10,Ref_1,ABC,Ar,A,NA,1,1,1,Ref_1,ABC,90,Ref_117,1,0,30,60,90,10,herbivore,0.664079616,-0.218962906,0,-0.1003301887,2.182043793053603,152.07008652679664,0.09,0.00486,0.3903967212977076,0.06575915243027021,3.2879576215135105,Forest,Forest,348109137.1420209,2.392796738862648
22236108,165925,voalavo antsahabensis,ANIMALIA,CHORDATA,rodentia,MAMMALIA,nesomyidae,Voalavo,antsahabensis,NA,NA,NA,"Goodman, Rakotondravony, Randriamanantsoa &amp; Rakotomalala-Razanahoera, 2005",Endangered,B1ab(iii),3.1,Unknown,Global,NA,voalavo antsahabensis,NA,NA,NA,NA,NA,NA,NA,NA,NA,NA,NA,NA,NA,NA,NA,NA,NA,NA,NA,NA,NA,NA,NA,NA,NA,NA,NA,NA,NA,NA,NA,0.664079616,-0.218962906,0,0,NA,NA,NA,NA,NA,NA,NA,Forest,Forest,NA,NA
22236959,12647,macrotarsomys bastardi,ANIMALIA,CHORDATA,rodentia,MAMMALIA,nesomyidae,Macrotarsomys,bastardi,NA,NA,NA,"Milne-Edwards &amp; G. Grandidier, 1898",Least Concern,NA,3.1,Stable,Global,NA,macrotarsomys bastardi,1322,Nesomyidae,0,0,0,0,0,0,40,0,20,40,Ref_1,ABC,G,A,NA,1,0,0,Ref_1,ABC,25,Ref_117,1,0,40,60,100,0,herbivore,0.664079616,-0.218962906,0,-0.1003301887,2.3654294788587458,231.9687481978352,0.025,0.00135,0.20575713839378695,0.04310925535310244,2.155462767655122,"Forest, Shrubland","Forest, Shrubland",163300155.81671488,2.1841630694634393
22237052,2991,brachytarsomys albicauda,ANIMALIA,CHORDATA,rodentia,MAMMALIA,nesomyidae,Brachytarsomys,albicauda,NA,NA,NA,"Günther, 1875",Least Concern,NA,3.1,Unknown,Global,NA,brachytarsomys albicauda,1324,Nesomyidae,0,0,0,0,0,0,100,0,0,0,Ref_1,ABC,G,A,NA,1,0,0,Ref_3,D2,200,Ref_117,1,0,100,0,100,0,herbivore,0.664079616,-0.218962906,0,-0.1003301887,2.0677249451206268,116.87589379771462,0.2,0.0108,0.5819690713431427,0.08556084300247327,4.278042150123663,Forest,Forest,401641656.6140276,2.478548727572709
22237177,136399,brachytarsomys villosa,ANIMALIA,CHORDATA,rodentia,MAMMALIA,nesomyidae,Brachytarsomys,villosa,NA,NA,NA,"Petter, 1962",Vulnerable,"B1ab(iii,v)",3.1,Unknown,Global,NA,brachytarsomys villosa,1325,Nesomyidae,0,0,0,0,0,0,100,0,0,0,Ref_1,ABC,Ar,A,NA,1,0,0,Ref_3,D2,220,Ref_117,1,0,100,0,100,0,herbivore,0.664079616,-0.218962906,0,-0.1003301887,2.054079804312186,113.2608467965058,0.22,0.01188,0.6103743113860542,0.0882917643902739,4.414588219513695,Forest,Forest,402507427.23397315,2.486569247713121
22237297,9581,gymnuromys roberti,ANIMALIA,CHORDATA,rodentia,MAMMALIA,nesomyidae,Gymnuromys,roberti,NA,NA,NA,"Major, 1896",Least Concern,NA,3.1,Unknown,Global,NA,gymnuromys roberti,1320,Nesomyidae,20,0,0,0,0,0,30,0,40,10,Ref_3,D2,G,A,NA,1,0,0,Ref_1,ABC,97.5,Ref_117,1,0,30,50,80,20,herbivore,0.664079616,-0.218962906,0,-0.1003301887,2.1705844293304772,148.11001616212891,0.0975,0.005265,0.4063377905142469,0.06751737835916162,3.3758689179580808,Forest,Forest,355653936.4959332,2.4025121469596784
22237564,136475,nesomys audeberti,ANIMALIA,CHORDATA,rodentia,MAMMALIA,nesomyidae,Nesomys,audeberti,NA,NA,NA,"Jentink, 1879",Least Concern,NA,3.1,Decreasing,Global,NA,nesomys audeberti,1308,Nesomyidae,0,0,0,0,0,0,50,0,50,0,Ref_2,D1,G,A,NA,0,1,1,Ref_1,ABC,212.5,Ref_117,1,0,50,50,100,0,herbivore,0.664079616,-0.218962906,0,-0.1003301887,2.059045583662679,114.56331810942693,0.2125,0.011474999999999999,0.5998799879975993,0.08728797458928647,4.364398729464323,Forest,Forest,402391714.9634516,2.483717947237934
22237658,14671,nesomys rufus,ANIMALIA,CHORDATA,rodentia,MAMMALIA,nesomyidae,Nesomys,rufus,NA,NA,NA,"Peters, 1870",Least Concern,NA,3.1,Unknown,Global,NA,nesomys rufus,1307,Nesomyidae,0,0,0,0,0,0,50,0,50,0,Ref_1,ABC,G,A,NA,0,1,1,Ref_1,ABC,162.5,Ref_117,1,0,50,50,100,0,herbivore,0.664079616,-0.218962906,0,-0.1003301887,2.0974517631330487,125.15602551513318,0.1625,0.008775,0.5245798318654654,0.07990026815601343,3.9950134078006716,Forest,Forest,392809186.56979173,2.4587263774365766
22238349,7621,eliurus minor,ANIMALIA,CHORDATA,rodentia,MAMMALIA,nesomyidae,Eliurus,minor,NA,NA,NA,"Major, 1896",Least Concern,NA,3.1,Unknown,Global,NA,eliurus minor,1314,Nesomyidae,0,0,0,0,0,0,40,0,60,0,Ref_1,ABC,S,A,NA,1,0,0,Ref_1,ABC,37.5,Ref_117,1,0,40,60,100,0,herbivore,0.664079616,-0.218962906,0,-0.1003301887,2.3073808160149203,202.94614957404113,0.0375,0.002025,0.252,0.04927415484841059,2.46370774242053,Forest,Forest,223473836.82684734,2.2597483654554615
22238442,7622,eliurus majori,ANIMALIA,CHORDATA,rodentia,MAMMALIA,nesomyidae,Eliurus,majori,NA,NA,NA,"Thomas, 1895",Least Concern,NA,3.1,Unknown,Global,NA,eliurus majori,1316,Nesomyidae,0,0,0,0,0,0,40,0,60,0,Ref_40,ABC,S,A,NA,1,0,0,Ref_1,ABC,100,Ref_117,1,0,40,60,100,0,herbivore,0.664079616,-0.218962906,0,-0.1003301887,2.1669597897,146.87902795263258,0.1,0.0054,0.4115142767875739,0.0680832392438281,3.4041619621914054,Forest,Forest,357895545.0535168,2.4055182755122466
22238512,29460,eliurus grandidieri,ANIMALIA,CHORDATA,rodentia,MAMMALIA,nesomyidae,Eliurus,grandidieri,NA,NA,NA,"Carleton &amp; Goodman, 1998",Least Concern,NA,3.1,Unknown,Global,NA,eliurus grandidieri,1318,Nesomyidae,0,0,0,0,0,0,40,0,60,0,Ref_2,D1,S,A,NA,1,0,0,Ref_2,D1,77.7,"Ref_2, Ref_3",0,0,40,60,100,0,herbivore,0.664079616,-0.218962906,0,-0.1003301887,2.203082612425597,159.61827476576298,0.0777,0.0041958,0.3627399729834031,0.06264946801783709,3.1324734008918544,Forest,Forest,332225641.6917924,2.3740209815755895
22238593,48267436,eliurus antsingy,ANIMALIA,CHORDATA,rodentia,MAMMALIA,nesomyidae,Eliurus,antsingy,NA,NA,NA,"Carleton, Goodman &amp; Rakotondravony, 2001",Data Deficient,NA,3.1,Unknown,Global,NA,eliurus antsingy,1310,Nesomyidae,0,0,0,0,0,0,40,0,60,0,Ref_2,D1,G,A,NA,1,0,0,Ref_2,D1,77.7,"Ref_2, Ref_3",0,0,40,60,100,0,herbivore,0.664079616,-0.218962906,0,-0.1003301887,2.203082612425597,159.61827476576298,0.0777,0.0041958,0.3627399729834031,0.06264946801783709,3.1324734008918544,Forest,Forest,332225641.6917924,2.3740209815755895
22238673,7623,eliurus myoxinus,ANIMALIA,CHORDATA,rodentia,MAMMALIA,nesomyidae,Eliurus,myoxinus,NA,NA,NA,"Milne-Edwards, 1855",Least Concern,NA,3.1,Unknown,Global,NA,eliurus myoxinus,1313,Nesomyidae,0,0,0,0,0,0,40,0,60,0,Ref_1,ABC,S,A,NA,1,0,0,Ref_1,ABC,70,Ref_117,1,0,40,60,100,0,herbivore,0.664079616,-0.218962906,0,-0.1003301887,2.2180233785304755,165.20507274702595,0.07,0.0037800000000000004,0.3442975457362425,0.06053082894925829,3.0265414474629146,Forest,Forest,319179814.3635115,2.3598436869600996
22238746,7624,eliurus penicillatus,ANIMALIA,CHORDATA,rodentia,MAMMALIA,nesomyidae,Eliurus,penicillatus,NA,NA,NA,"Thomas, 1908",Endangered,"B1ab(i,ii,iii)",3.1,Unknown,Global,NA,eliurus penicillatus,1312,Nesomyidae,0,0,0,0,0,0,40,0,60,0,Ref_1,ABC,S,A,NA,1,0,0,Ref_1,ABC,100,Ref_117,1,0,40,60,100,0,herbivore,0.664079616,-0.218962906,0,-0.1003301887,2.1669597897,146.87902795263258,0.1,0.0054,0.4115142767875739,0.0680832392438281,3.4041619621914054,Forest,Forest,357895545.0535168,2.4055182755122466
22238985,136316,eliurus petteri,ANIMALIA,CHORDATA,rodentia,MAMMALIA,nesomyidae,Eliurus,petteri,NA,NA,NA,"Carleton, 1994",Endangered,"B1ab(i,ii,iii)",3.1,Unknown,Global,NA,eliurus petteri,1311,Nesomyidae,0,0,0,0,0,0,40,0,60,0,Ref_2,D1,G,A,NA,1,0,0,Ref_2,D1,75,Ref_117,1,0,40,60,100,0,herbivore,0.664079616,-0.218962906,0,-0.1003301887,2.208145971435547,161.4901252745226,0.075,0.00405,0.3563818177180199,0.06192329086995665,3.0961645434978324,Forest,Forest,327975024.96149033,2.3693002539060806
22239073,7625,eliurus tanala,ANIMALIA,CHORDATA,rodentia,MAMMALIA,nesomyidae,Eliurus,tanala,NA,NA,NA,"Major, 1896",Least Concern,NA,3.1,Unknown,Global,NA,eliurus tanala,1317,Nesomyidae,0,0,0,0,0,0,40,0,60,0,Ref_1,ABC,S,A,NA,1,0,0,Ref_1,ABC,90,Ref_117,1,0,40,60,100,0,herbivore,0.664079616,-0.218962906,0,-0.1003301887,2.182043793053603,152.07008652679664,0.09,0.00486,0.3903967212977076,0.06575915243027021,3.2879576215135105,Forest,Forest,348109137.1420209,2.392796738862648
22239153,7626,eliurus webbi,ANIMALIA,CHORDATA,rodentia,MAMMALIA,nesomyidae,Eliurus,webbi,NA,NA,NA,"Ellerman, 1949",Least Concern,NA,3.1,Unknown,Global,NA,eliurus webbi,1315,Nesomyidae,0,0,0,0,0,0,40,0,60,0,Ref_1,ABC,S,A,NA,1,0,0,Ref_1,ABC,75,Ref_117,1,0,40,60,100,0,herbivore,0.664079616,-0.218962906,0,-0.1003301887,2.208145971435547,161.4901252745226,0.075,0.00405,0.3563818177180199,0.06192329086995665,3.0961645434978324,Forest,Forest,327975024.96149033,2.3693002539060806
22287830,41440,suncus murinus,ANIMALIA,CHORDATA,eulipotyphla,MAMMALIA,soricidae,Suncus,murinus,NA,NA,NA,"Linnaeus, 1766",Least Concern,NA,3.1,Stable,Global,NA,suncus murinus,3433,Soricidae,80,0,0,0,10,10,0,0,0,0,Ref_1,ABC,G,A,NA,1,0,0,Ref_1,ABC,60.71,Ref_117,1,20,0,0,0,100,carnivore,1.013430453,0.506784412,0,0,3.413836618317863,2593.203614806818,0.06071,0.01602756916718113,0.7089602027496326,0.0038562340199209365,0.19281170099604683,"Artificial - Terrestrial, Shrubland, Forest, Grassland","Shrubland, Forest, Grassland, Arable & Pastureland, Plantations & Heavily Degraded Former Forest, Urban & Rural Gardens",298894820.4196417,2.3392035382541096
22288134,90389138,suncus etruscus,ANIMALIA,CHORDATA,eulipotyphla,MAMMALIA,soricidae,Suncus,etruscus,NA,NA,NA,"(Savi, 1822)",Least Concern,NA,3.1,Unknown,Global,suncus madagascariensis,suncus etruscus,3434,Soricidae,80,0,0,0,10,10,0,0,0,0,Ref_1,ABC,G,A,NA,1,0,0,Ref_1,ABC,2.13,Ref_117,1,20,0,0,0,100,carnivore,1.013430453,0.506784412,0,0,3.8934394991703076,7824.191999787944,0.00213,3.637915008049886e-4,0.10681058685937664,0.0012780872453374132,0.06390436226687066,"Shrubland, Desert, Artificial - Terrestrial, Forest, Grassland","Shrubland, Desert, Forest, Grassland, Arable & Pastureland",6467673.018947519,1.569330962020999
44140926,41770,potamochoerus larvatus,ANIMALIA,CHORDATA,artiodactyla,MAMMALIA,suidae,Potamochoerus,larvatus,NA,NA,NA,"(F. Cuvier, 1822)",Least Concern,NA,3.1,Stable,Global,NA,potamochoerus larvatus,5112,Suidae,0,10,10,0,0,0,40,0,0,40,Ref_1,ABC,G,A,NA,1,0,0,Ref_1,ABC,48781.25,Ref_117,1,20,40,40,80,20,herbivore,0,-0.112073892,-0.783308638,-0.1003301887,-0.059724764120496765,0.8715157415896684,48.78125,2.6341875,9.08890092365408,11.474262050344299,573.7131025172149,"Shrubland, Forest","Shrubland, Forest",78505315.03962144,2.6419620341609686
45197189,5760,cryptoprocta ferox,ANIMALIA,CHORDATA,carnivora,MAMMALIA,eupleridae,Cryptoprocta,ferox,NA,NA,NA,"Bennett, 1833",Vulnerable,A2cde+3cde+4cde,3.1,Decreasing,Global,NA,cryptoprocta ferox,4866,Eupleridae,10,70,20,0,0,0,0,0,0,0,Ref_9,ABC,S,A,NA,1,1,0,Ref_1,ABC,9500,Ref_117,1,90,0,0,0,100,carnivore,-1.697802701,-0.28421228,-0.097742264,0,-0.9095425768016435,0.12315652412148677,9.5,4.837391872478359,12.316680117666502,81.19748483755177,4059.8742418775882,Forest,Forest,167883345.221826,2.640795856604598
45197868,8668,fossa fossana,ANIMALIA,CHORDATA,carnivora,MAMMALIA,eupleridae,Fossa,fossana,NA,NA,NA,"(P.L.S. Müller, 1776)",Vulnerable,A3cde+4cde,3.1,Decreasing,Global,NA,fossa fossana,4868,Eupleridae,70,10,10,0,0,0,10,0,0,0,Ref_1,ABC,S,A,NA,1,0,0,Ref_1,ABC,1500,Ref_117,1,20,10,0,10,90,carnivore,-1.697802701,-0.28421228,0,0,-0.5475413936438254,0.2834383468760153,1.5,0.6008509045955865,4.340816094712789,35.281041221900395,1764.0520610950198,Forest,Forest,295616680.069542,2.591293065512148
45197977,8833,galidictis fasciata,ANIMALIA,CHORDATA,carnivora,MAMMALIA,eupleridae,Galidictis,fasciata,NA,NA,NA,"(Gmelin, 1788)",Vulnerable,A3cde+4cde,3.1,Decreasing,Global,NA,galidictis fasciata,4871,Eupleridae,30,70,0,0,0,0,0,0,0,0,Ref_1,ABC,G,A,NA,1,1,0,Ref_1,ABC,550,Ref_117,1,70,0,0,0,100,carnivore,-1.697802701,-0.28421228,0,0,-0.4039030270290679,0.39454538969550473,0.55,0.19337193173806377,2.462548228828357,25.345626285780764,1267.2813142890382,Forest,Forest,372484881.61741406,2.5483918990825556
45198057,8834,galidictis grandidieri,ANIMALIA,CHORDATA,carnivora,MAMMALIA,eupleridae,Galidictis,grandidieri,NA,NA,NA,"Wozencraft, 1986",Endangered,"B1ab(i,ii,iii,v)",3.1,Decreasing,Global,NA,galidictis grandidieri,4870,Eupleridae,30,70,0,0,0,0,0,0,0,0,Ref_1,ABC,G,A,NA,1,1,0,Ref_1,ABC,1400,Ref_117,1,70,0,0,0,100,carnivore,-1.697802701,-0.28421228,0,0,-0.5376639865488972,0.289958612858518,1.4,0.5557868625961708,4.1748623942611465,34.487680505215366,1724.3840252607683,"Forest, Shrubland","Forest, Shrubland",300699037.6634424,2.5886625879226104
45199764,13923,mungotictis decemlineata,ANIMALIA,CHORDATA,carnivora,MAMMALIA,eupleridae,Mungotictis,decemlineata,NA,NA,NA,"(A. Grandidier, 1867)",Endangered,A3cde+4cde,3.1,Decreasing,Global,NA,mungotictis decemlineata,4872,Eupleridae,80,0,0,0,20,0,0,0,0,0,Ref_1,ABC,G,A,NA,0,0,1,Ref_1,ABC,650,Ref_117,1,20,0,0,0,100,carnivore,-1.697802701,-0.28421228,0,0,-0.4278194283256971,0.3734053806276657,0.65,0.23354775106161832,2.706299590454159,26.78054607352141,1339.0273036760705,"Forest, Shrubland","Forest, Shrubland",360261452.9943899,2.5565336152179214
45202205,19852,salanoia concolor,ANIMALIA,CHORDATA,carnivora,MAMMALIA,eupleridae,Salanoia,concolor,NA,NA,NA,"(I. Geoffroy Saint-Hilaire, 1837)",Vulnerable,A3cde+4cde,3.1,Decreasing,Global,NA,salanoia concolor,4873,Eupleridae,50,10,20,0,0,0,20,0,0,0,Ref_1,ABC,G,A,NA,0,0,1,Ref_1,ABC,650,Ref_117,1,30,20,0,20,80,carnivore,-1.697802701,-0.28421228,0,0,-0.4278194283256971,0.3734053806276657,0.65,0.23354775106161832,2.706299590454159,26.78054607352141,1339.0273036760705,"Forest, Wetlands (inland)","Forest, Wetlands (inland)",360261452.9943899,2.5565336152179214
45204213,39426,galidia elegans,ANIMALIA,CHORDATA,carnivora,MAMMALIA,eupleridae,Galidia,elegans,NA,NA,NA,"I. Geoffroy Saint-Hilaire, 1837",Least Concern,NA,3.1,Decreasing,Global,NA,galidia elegans,4869,Eupleridae,10,30,20,10,20,0,10,0,0,0,Ref_1,ABC,S,A,NA,0,0,1,Ref_1,ABC,800,Ref_117,1,80,10,0,10,90,carnivore,-1.697802701,-0.28421228,0,0,-0.457546246338119,0.3487014502905999,0.8,0.29530804732566573,3.043166174255503,28.67782738404508,1433.891369202254,Forest,Forest,342854481.88836354,2.565393981441321
45204313,39547,eupleres major,ANIMALIA,CHORDATA,carnivora,MAMMALIA,eupleridae,Eupleres,major,NA,NA,NA,"Lavauden, 1929",Endangered,A2cde+3cde+4cde,3.1,Decreasing,Global,eupleres goudotii,eupleres goudotii,4867,Eupleridae,90,0,10,0,0,0,0,0,0,0,Ref_1,ABC,G,A,NA,1,1,0,Ref_1,ABC,3000,Ref_117,1,10,0,0,0,100,carnivore,-1.697802701,-0.28421228,0,0,-0.6467762382231983,0.22554009642795456,3,1.3150147205915357,6.421749110464419,44.33801420845961,2216.9007104229804,NA,NA,243388098.56858036,2.6135303948794304
45204582,68336601,eupleres goudotii,ANIMALIA,CHORDATA,carnivora,MAMMALIA,eupleridae,Eupleres,goudotii,NA,NA,NA,"Doyère, 1835",Vulnerable,A2cde+3cde+4cde,3.1,Decreasing,Global,eupleres goudotii,eupleres goudotii,4867,Eupleridae,90,0,10,0,0,0,0,0,0,0,Ref_1,ABC,G,A,NA,1,1,0,Ref_1,ABC,3000,Ref_117,1,10,0,0,0,100,carnivore,-1.697802701,-0.28421228,0,0,-0.6467762382231983,0.22554009642795456,3,1.3150147205915357,6.421749110464419,44.33801420845961,2216.9007104229804,Forest,Forest,243388098.56858036,2.6135303948794304
45221489,136456,cryptoprocta spelea,ANIMALIA,CHORDATA,carnivora,MAMMALIA,eupleridae,Cryptoprocta,spelea,NA,NA,NA,"Grandidier, 1902",Extinct,NA,3.1,NA,Global,NA,cryptoprocta spelea,NA,NA,NA,NA,NA,NA,NA,NA,NA,NA,NA,NA,NA,NA,NA,NA,NA,NA,NA,NA,NA,NA,NA,NA,NA,NA,NA,NA,NA,NA,NA,-1.697802701,-0.28421228,0,0,NA,NA,NA,NA,NA,NA,NA,Unknown,Unknown,NA,NA
45224547,2062,arctocephalus tropicalis,ANIMALIA,CHORDATA,carnivora,MAMMALIA,otariidae,Arctocephalus,tropicalis,NA,NA,NA,"(J.E. Gray, 1872)",Least Concern,NA,3.1,Stable,Global,arctocephalus tropicalis,arctocephalus tropicalis,5039,Otariidae,60,0,0,40,0,0,0,0,0,0,Ref_1,ABC,M,A,NA,1,1,0,Ref_115,ABC,84000,Ref_117,1,40,0,0,0,100,carnivore,-1.697802701,0,0,0,-0.8396210767514685,0.14467014716550178,84,56.783111935115166,42.198559102002655,69.12276095606691,3456.138047803345,"Marine Intertidal, Marine Neritic, Marine Oceanic, Marine Coastal/Supratidal","Marine Intertidal, Marine Neritic, Marine Oceanic, Marine Coastal/Supratidal",56674681.08232549,2.6307256965075148
46251651,46251646,microcebus marohita,ANIMALIA,CHORDATA,primates,MAMMALIA,cheirogaleidae,Microcebus,marohita,NA,NA,NA,"Rasoloarison, Weisrock, Yoder, Rakotondravony &amp; Kappeler, 2013",Critically Endangered,"B1ab(i,iii)",3.1,Decreasing,Global,NA,microcebus marohita,NA,NA,NA,NA,NA,NA,NA,NA,NA,NA,NA,NA,NA,NA,NA,NA,NA,NA,NA,NA,NA,NA,NA,NA,NA,NA,NA,NA,NA,NA,NA,-0.02762622,0.445551765,0,0,NA,NA,NA,NA,NA,NA,NA,Forest,Forest,NA,NA
48266956,48266951,eliurus carletoni,ANIMALIA,CHORDATA,rodentia,MAMMALIA,nesomyidae,Eliurus,carletoni,NA,NA,NA,"Goodman, Raheriarisena &amp; Jansa, 2009",Least Concern,NA,3.1,Unknown,Global,NA,eliurus carletoni,NA,NA,NA,NA,NA,NA,NA,NA,NA,NA,NA,NA,NA,NA,NA,NA,NA,NA,NA,NA,NA,NA,NA,NA,NA,NA,NA,NA,NA,NA,NA,0.664079616,-0.218962906,0,0,NA,NA,NA,NA,NA,NA,NA,Forest,Forest,NA,NA
90128828,40783,hippopotamus madagascariensis,ANIMALIA,CHORDATA,artiodactyla,MAMMALIA,hippopotamidae,Hippopotamus,madagascariensis,NA,NA,NA,"Guldberg, 1883",Extinct,NA,3.1,NA,Global,NA,hippopotamus madagascariensis,NA,NA,NA,NA,NA,NA,NA,NA,NA,NA,NA,NA,NA,NA,NA,NA,NA,NA,NA,NA,NA,NA,NA,NA,NA,NA,NA,NA,NA,NA,NA,0,-0.416716773,0,0,NA,NA,NA,NA,NA,NA,NA,NA,NA,NA,NA
90128915,40782,hippopotamus lemerlei,ANIMALIA,CHORDATA,artiodactyla,MAMMALIA,hippopotamidae,Hippopotamus,lemerlei,NA,NA,NA,"Grandidier in Milne-Edwards, 1868",Extinct,NA,3.1,NA,Global,NA,hippopotamus lemerlei,NA,NA,NA,NA,NA,NA,NA,NA,NA,NA,NA,NA,NA,NA,NA,NA,NA,NA,NA,NA,NA,NA,NA,NA,NA,NA,NA,NA,NA,NA,NA,0,-0.416716773,0,0,NA,NA,NA,NA,NA,NA,NA,NA,NA,NA,NA
97188634,40592,echinops telfairi,ANIMALIA,CHORDATA,afrosoricida,MAMMALIA,tenrecidae,Echinops,telfairi,NA,NA,NA,"Martin, 1838",Least Concern,NA,3.1,Stable,Global,NA,echinops telfairi,362,Tenrecidae,60,0,0,0,0,0,40,0,0,0,Ref_40,ABC,G,A,NA,1,0,0,Ref_1,ABC,180,Ref_117,1,0,40,0,40,60,omnivore,0,0,0,-0.0552981064,1.6827243207742306,48.16419663490681,0.18,0.00972,0.5521043379652074,0.20762310385454535,10.381155192727267,"Forest, Grassland, Shrubland, Savanna","Forest, Grassland, Shrubland, Savanna",398467501.5250779,2.4689345902649245
97188944,9048,geogale aurita,ANIMALIA,CHORDATA,afrosoricida,MAMMALIA,tenrecidae,Geogale,aurita,NA,NA,NA,"Milne-Edwards &amp; A. Grandidier, 1872",Least Concern,NA,3.1,Unknown,Global,NA,geogale aurita,337,Tenrecidae,70,30,0,0,0,0,0,0,0,0,Ref_1,ABC,G,A,NA,1,0,0,Ref_1,ABC,7,Ref_117,1,30,0,0,0,100,carnivore,0,0,0,0,2.202887875430476,159.54671821458712,0.007,0.001395546724786057,0.20919929562331405,0.06267756624457924,3.1338783122289615,Forest,Forest,40927304.47128874,1.9007210427164216
97189172,62011,hemicentetes nigriceps,ANIMALIA,CHORDATA,afrosoricida,MAMMALIA,tenrecidae,Hemicentetes,nigriceps,NA,NA,NA,"Günther, 1875",Least Concern,NA,3.1,Unknown,Global,NA,hemicentetes nigriceps,364,Tenrecidae,100,0,0,0,0,0,0,0,0,0,Ref_4,ABC,G,A,NA,1,0,0,Ref_1,ABC,102.99,Ref_58,1,0,0,0,0,100,carnivore,0,0,0,0,1.8179553644544366,65.75902486359409,0.10299,0.02912339578734998,0.9556723768589817,0.15207038152927752,7.603519076463876,"Forest, Savanna","Forest, Savanna",360423140.1848615,2.4089786057587377
97189434,40593,hemicentetes semispinosus,ANIMALIA,CHORDATA,afrosoricida,MAMMALIA,tenrecidae,Hemicentetes,semispinosus,NA,NA,NA,"(G. Cuvier, 1798)",Least Concern,NA,3.1,Unknown,Global,NA,hemicentetes semispinosus,363,Tenrecidae,100,0,0,0,0,0,0,0,0,0,Ref_1,ABC,G,A,NA,1,0,0,Ref_1,ABC,137.8,Ref_117,1,0,0,0,0,100,carnivore,0,0,0,0,1.7762696220439667,59.74060577077192,0.1378,0.04047018712471789,1.1265633884656259,0.1673903347811799,8.369516739058994,"Forest, Shrubland, Introduced Vegetation","Forest, Shrubland, Introduced Vegetation",381908948.1509213,2.4413813514424842
97189690,11979,microgale mergulus,ANIMALIA,CHORDATA,afrosoricida,MAMMALIA,tenrecidae,Microgale,mergulus,NA,NA,NA,"(Forsyth Major, 1896)",Vulnerable,"B2ab(ii,iii)",3.1,Decreasing,Global,limnogale mergulus,limnogale mergulus,338,Tenrecidae,60,0,20,20,0,0,0,0,0,0,Ref_1,ABC,G,A,NA,1,0,0,Ref_1,ABC,78.6,Ref_117,1,40,0,0,0,100,carnivore,0,0,0,0,1.8566473325788728,71.88649889470129,0.07859999999999999,0.02145907875548979,0.820339386944306,0.13910817961308578,6.95540898065429,"Forest, Wetlands (inland)","Forest, Wetlands (inland)",333572704.2919635,2.3755403668711392
97189964,54007828,microgale brevicaudata,ANIMALIA,CHORDATA,afrosoricida,MAMMALIA,tenrecidae,Microgale,brevicaudata,NA,NA,NA,"G. Grandidier, 1899",Least Concern,NA,3.1,Decreasing,Global,NA,microgale brevicaudata,355,Tenrecidae,100,0,0,0,0,0,0,0,0,0,Ref_1,ABC,G,A,NA,1,1,1,Ref_1,ABC,11.3,Ref_117,1,0,0,0,0,100,carnivore,0,0,0,0,2.1343269236612197,136.24699224016715,0.011300000000000001,0.0023975199946503854,0.27420107044327174,0.0733961156542279,3.6698057827113955,"Forest, Shrubland","Forest, Shrubland",73994869.8022297,2.0160023296818257
97190215,54008309,microgale grandidieri,ANIMALIA,CHORDATA,afrosoricida,MAMMALIA,tenrecidae,Microgale,grandidieri,NA,NA,NA,"Olson, Rakotomalala, Hildebrandt, Lanier, Raxworthy &amp; Goodman, 2009",Least Concern,NA,3.1,Unknown,Global,NA,microgale grandidieri,NA,NA,NA,NA,NA,NA,NA,NA,NA,NA,NA,NA,NA,NA,NA,NA,NA,NA,NA,NA,NA,NA,NA,NA,NA,NA,NA,NA,NA,NA,NA,0,0,0,0,NA,NA,NA,NA,NA,NA,NA,"Forest, Shrubland","Forest, Shrubland",NA,NA
97190403,40586,microgale cowani,ANIMALIA,CHORDATA,afrosoricida,MAMMALIA,tenrecidae,Microgale,cowani,NA,NA,NA,"Thomas, 1882",Least Concern,NA,3.1,Decreasing,Global,NA,microgale cowani,354,Tenrecidae,100,0,0,0,0,0,0,0,0,0,Ref_1,ABC,G,A,NA,1,1,1,Ref_1,ABC,13.8,Ref_117,1,0,0,0,0,100,carnivore,0,0,0,0,2.1057130033429465,127.5595573011519,0.013800000000000002,0.003005017214575895,0.3069810089388268,0.0783947530986743,3.9197376549337153,"Forest, Artificial - Terrestrial","Forest, Plantations & Heavily Degraded Former Forest",92363786.2464433,2.061117559926798
97190623,40587,nesogale dobsoni,ANIMALIA,CHORDATA,afrosoricida,MAMMALIA,tenrecidae,Nesogale,dobsoni,NA,NA,NA,"(Thomas, 1884)",Least Concern,NA,3.1,Decreasing,Global,microgale dobsoni,microgale dobsoni,353,Tenrecidae,100,0,0,0,0,0,0,0,0,0,Ref_1,ABC,G,A,NA,1,1,1,Ref_1,ABC,38,Ref_117,1,0,0,0,0,100,carnivore,0,0,0,0,1.9606980336396105,91.34778764829763,0.038,0.00943928417121176,0.5440734799723295,0.10947172621740404,5.473586310870202,"Forest, Artificial - Terrestrial","Forest, Plantations & Heavily Degraded Former Forest",225542027.53964096,2.262100183836557
97190851,62012,microgale drouhardi,ANIMALIA,CHORDATA,afrosoricida,MAMMALIA,tenrecidae,Microgale,drouhardi,NA,NA,NA,"G. Grandidier, 1934",Least Concern,NA,3.1,Decreasing,Global,NA,microgale drouhardi,352,Tenrecidae,100,0,0,0,0,0,0,0,0,0,Ref_1,ABC,G,A,NA,1,1,1,Ref_2,D1,10.5,Ref_117,1,0,0,0,0,100,carnivore,0,0,0,0,2.1448392125866507,139.58514838908442,0.0105,0.0022066197684029224,0.26305816074989125,0.07164085947113555,3.5820429735567774,Forest,Forest,67949581.22575937,1.998979675745266
97191108,13356,microgale dryas,ANIMALIA,CHORDATA,afrosoricida,MAMMALIA,tenrecidae,Microgale,dryas,NA,NA,NA,"Jenkins, 1992",Vulnerable,B1ab(iii),3.1,Decreasing,Global,NA,microgale dryas,351,Tenrecidae,100,0,0,0,0,0,0,0,0,0,Ref_1,ABC,G,A,NA,1,1,1,Ref_1,ABC,40,Ref_117,1,0,0,0,0,100,carnivore,0,0,0,0,1.953354597441254,89.81618360592938,0.04,0.010002565105185175,0.5600718183399402,0.11133850937015133,5.566925468507566,Forest,Forest,233585174.87394696,2.2711275836007454
97191387,62013,microgale fotsifotsy,ANIMALIA,CHORDATA,afrosoricida,MAMMALIA,tenrecidae,Microgale,fotsifotsy,NA,NA,NA,"Jenkins, Raxworthy &amp; Nussbaum, 1997",Least Concern,NA,3.1,Decreasing,Global,NA,microgale fotsifotsy,350,Tenrecidae,100,0,0,0,0,0,0,0,0,0,Ref_2,D1,G,A,NA,1,1,1,Ref_2,D1,7.7,Ref_117,1,0,0,0,0,100,carnivore,0,0,0,0,2.189242734622035,154.61183501076215,0.0077,0.001554240122640056,0.22077357234504347,0.06467810177211805,3.2339050886059026,Forest,Forest,46364357.7937742,1.9244882132471446
97191617,13343,microgale gracilis,ANIMALIA,CHORDATA,afrosoricida,MAMMALIA,tenrecidae,Microgale,gracilis,NA,NA,NA,"(Major, 1896)",Least Concern,NA,3.1,Decreasing,Global,NA,microgale gracilis,349,Tenrecidae,100,0,0,0,0,0,0,0,0,0,Ref_1,ABC,G,A,NA,1,1,1,Ref_1,ABC,23.3,Ref_117,1,0,0,0,0,100,carnivore,0,0,0,0,2.030725033191974,107.33096478342877,0.0233,0.005431199896325382,0.4127013796303133,0.09316975786230831,4.658487893115416,Forest,Forest,153702904.51782528,2.170433768490481
97191808,62014,microgale gymnorhyncha,ANIMALIA,CHORDATA,afrosoricida,MAMMALIA,tenrecidae,Microgale,gymnorhyncha,NA,NA,NA,"Jenkins, Goodman &amp; Raxworthy, 1996",Least Concern,NA,3.1,Decreasing,Global,NA,microgale gymnorhyncha,348,Tenrecidae,100,0,0,0,0,0,0,0,0,0,Ref_1,ABC,G,A,NA,1,1,1,Ref_2,D1,18.2,Ref_117,1,0,0,0,0,100,carnivore,0,0,0,0,2.066091488746033,116.43712907574029,0.0182,0.004108320012180561,0.35893859583775933,0.08588325802412371,4.294162901206185,Forest,Forest,122468636.72057648,2.12053410819453
97192062,62015,microgale jenkinsae,ANIMALIA,CHORDATA,afrosoricida,MAMMALIA,tenrecidae,Microgale,jenkinsae,NA,NA,NA,"Goodman &amp; Soarimalala, 2004",Endangered,B1ab(iii),3.1,Decreasing,Global,NA,microgale jenkinsae,NA,NA,NA,NA,NA,NA,NA,NA,NA,NA,NA,NA,NA,NA,NA,NA,NA,NA,NA,NA,NA,NA,NA,NA,NA,NA,NA,NA,NA,NA,NA,0,0,0,0,NA,NA,NA,NA,NA,NA,NA,"Forest, Shrubland","Forest, Shrubland",NA,NA
97200213,13344,microgale longicaudata,ANIMALIA,CHORDATA,afrosoricida,MAMMALIA,tenrecidae,Microgale,longicaudata,NA,NA,NA,"Thomas, 1882",Least Concern,NA,3.1,Decreasing,Global,NA,microgale longicaudata,339,Tenrecidae,100,0,0,0,0,0,0,0,0,0,Ref_1,ABC,G,A,NA,1,1,1,Ref_1,ABC,7.3,Ref_117,1,0,0,0,0,100,carnivore,0,0,0,0,2.1968800449259556,157.35481797847387,0.0073,0.0014633170354994226,0.21421863185367862,0.06355064387903267,3.1775321939516332,Forest,Forest,43256155.94029232,1.911237387000436
97200480,62016,microgale majori,ANIMALIA,CHORDATA,afrosoricida,MAMMALIA,tenrecidae,Microgale,majori,NA,NA,NA,"Thomas, 1918",Least Concern,NA,3.1,Decreasing,Global,NA,microgale majori,NA,NA,NA,NA,NA,NA,NA,NA,NA,NA,NA,NA,NA,NA,NA,NA,NA,NA,NA,NA,NA,NA,NA,NA,NA,NA,NA,NA,NA,NA,NA,0,0,0,0,NA,NA,NA,NA,NA,NA,NA,Forest,Forest,NA,NA
97200712,29462,microgale monticola,ANIMALIA,CHORDATA,afrosoricida,MAMMALIA,tenrecidae,Microgale,monticola,NA,NA,NA,"Goodman &amp; Jenkins, 1998",Vulnerable,D2,3.1,Stable,Global,NA,microgale monticola,347,Tenrecidae,100,0,0,0,0,0,0,0,0,0,Ref_1,ABC,G,A,NA,1,1,1,Ref_2,D1,13.9,Ref_117,1,0,0,0,0,100,carnivore,0,0,0,0,2.104679312078568,127.25630591475829,0.013900000000000001,0.0030296350806067397,0.3082358774182969,0.07858156755468312,3.9290783777341565,Forest,Forest,93080418.04880436,2.0627133536312727
97200965,62017,microgale nasoloi,ANIMALIA,CHORDATA,afrosoricida,MAMMALIA,tenrecidae,Microgale,nasoloi,NA,NA,NA,"Jenkins &amp; Goodman, 1999",Vulnerable,B1ab(iii),3.1,Decreasing,Global,NA,microgale nasoloi,356,Tenrecidae,100,0,0,0,0,0,0,0,0,0,Ref_2,D1,G,A,NA,1,1,1,Ref_2,D1,13.83,"Ref_2, Ref_3",0,0,0,0,0,100,carnivore,0,0,0,0,2.1054021115418218,127.46827585238384,0.01383,0.0030124001471261946,0.3073578836045652,0.07845089245249241,3.9225446226246206,NA,NA,92578929.10655326,2.061597761757408
97201228,13349,microgale parvula,ANIMALIA,CHORDATA,afrosoricida,MAMMALIA,tenrecidae,Microgale,parvula,NA,NA,NA,"G. Grandidier, 1934",Least Concern,NA,3.1,Decreasing,Global,NA,microgale parvula,346,Tenrecidae,100,0,0,0,0,0,0,0,0,0,Ref_1,ABC,G,A,NA,1,1,1,Ref_1,ABC,3.4,Ref_117,1,0,0,0,0,100,carnivore,0,0,0,0,2.306272738645187,202.4290041702254,0.0034,6.170989008586973e-4,0.13911226233128676,0.049400035538340444,2.470001776917022,Forest,Forest,14229999.22047673,1.7071132419750257
97201454,13350,microgale principula,ANIMALIA,CHORDATA,afrosoricida,MAMMALIA,tenrecidae,Microgale,principula,NA,NA,NA,"Thomas, 1926",Least Concern,NA,3.1,Decreasing,Global,NA,microgale principula,345,Tenrecidae,100,0,0,0,0,0,0,0,0,0,Ref_1,ABC,G,A,NA,1,1,1,Ref_1,ABC,10.2,Ref_117,1,0,0,0,0,100,carnivore,0,0,0,0,2.148989231221989,140.92538540910084,0.010199999999999999,0.0021355108912895883,0.25878489436371954,0.07095953628915326,3.547976814457663,Forest,Forest,65664862.61273393,1.9921945735966098
97201685,41314,microgale pusilla,ANIMALIA,CHORDATA,afrosoricida,MAMMALIA,tenrecidae,Microgale,pusilla,NA,NA,NA,"Major, 1896",Least Concern,NA,3.1,Stable,Global,NA,microgale pusilla,344,Tenrecidae,100,0,0,0,0,0,0,0,0,0,Ref_1,ABC,G,A,NA,1,1,1,Ref_1,ABC,3.4,Ref_117,1,0,0,0,0,100,carnivore,0,0,0,0,2.306272738645187,202.4290041702254,0.0034,6.170989008586973e-4,0.13911226233128676,0.049400035538340444,2.470001776917022,"Forest, Wetlands (inland), Artificial - Aquatic, Artificial - Terrestrial","Forest, Wetlands (inland), Artificial - Aquatic, Arable & Pastureland",14229999.22047673,1.7071132419750257
97201954,62018,microgale soricoides,ANIMALIA,CHORDATA,afrosoricida,MAMMALIA,tenrecidae,Microgale,soricoides,NA,NA,NA,"Jenkins, 1993",Least Concern,NA,3.1,Decreasing,Global,NA,microgale soricoides,343,Tenrecidae,100,0,0,0,0,0,0,0,0,0,Ref_2,D1,G,A,NA,1,1,1,Ref_1,ABC,18.7,Ref_117,1,0,0,0,0,100,carnivore,0,0,0,0,2.0622114242161196,115.40149212334438,0.018699999999999998,0.004236084473857499,0.36447717226209264,0.08665399221451761,4.33269961072588,Forest,Forest,125702408.99007195,2.1261557483126925
97202201,62019,microgale taiva,ANIMALIA,CHORDATA,afrosoricida,MAMMALIA,tenrecidae,Microgale,taiva,NA,NA,NA,"Major, 1896",Least Concern,NA,3.1,Decreasing,Global,NA,microgale taiva,342,Tenrecidae,100,0,0,0,0,0,0,0,0,0,Ref_2,D1,G,A,NA,1,1,1,Ref_2,D1,12.4,Ref_117,1,0,0,0,0,100,carnivore,0,0,0,0,2.1210277329643095,132.1380011530052,0.0124,0.0026628708334901076,0.28897686644132914,0.07567845670997249,3.7839228354986245,Forest,Forest,82181039.96523026,2.0371953614426888
97202475,41315,nesogale talazaci,ANIMALIA,CHORDATA,afrosoricida,MAMMALIA,tenrecidae,Nesogale,talazaci,NA,NA,NA,"(Forsyth Major, 1896)",Least Concern,NA,3.1,Decreasing,Global,microgale talazaci,microgale talazaci,341,Tenrecidae,100,0,0,0,0,0,0,0,0,0,Ref_1,ABC,G,A,NA,1,1,1,Ref_1,ABC,48,Ref_117,1,0,0,0,0,100,carnivore,0,0,0,0,1.9272524190593099,84.57702778570534,0.048,0.012290971024784467,0.6208420502327793,0.11823541523990673,5.911770761995337,Forest,Forest,262386710.04159704,2.3021142944568598
97202776,13355,microgale thomasi,ANIMALIA,CHORDATA,afrosoricida,MAMMALIA,tenrecidae,Microgale,thomasi,NA,NA,NA,"Major, 1896",Least Concern,NA,3.1,Decreasing,Global,NA,microgale thomasi,340,Tenrecidae,100,0,0,0,0,0,0,0,0,0,Ref_1,ABC,G,A,NA,1,1,1,Ref_1,ABC,22.9,Ref_117,1,0,0,0,0,100,carnivore,0,0,0,0,2.033204153462168,107.94540335097057,0.0229,0.005325957440167404,0.40868328241273805,0.09263942409373643,4.631971204686821,Forest,Forest,151389962.18469995,2.1670346048929305
97203050,40589,oryzorictes hova,ANIMALIA,CHORDATA,afrosoricida,MAMMALIA,tenrecidae,Oryzorictes,hova,NA,NA,NA,"A. Grandidier, 1870",Least Concern,NA,3.1,Decreasing,Global,NA,oryzorictes hova,357,Tenrecidae,100,0,0,0,0,0,0,0,0,0,Ref_1,ABC,G,A,NA,1,0,0,Ref_1,ABC,36.5,Ref_117,1,0,0,0,0,100,carnivore,0,0,0,0,1.9664638713053286,92.56863746293062,0.0365,0.00901933532139757,0.5318330148449114,0.10802794849394352,5.401397424697176,"Forest, Wetlands (inland), Artificial - Aquatic, Artificial - Terrestrial","Forest, Wetlands (inland), Artificial - Aquatic, Arable & Pastureland, Urban & Rural Gardens",219266532.69005504,2.2549234369971063
97203290,40591,oryzorictes tetradactylus,ANIMALIA,CHORDATA,afrosoricida,MAMMALIA,tenrecidae,Oryzorictes,tetradactylus,NA,NA,NA,"Milne-Edwards &amp; A. Grandidier, 1882",Data Deficient,NA,3.1,Unknown,Global,NA,oryzorictes tetradactylus,358,Tenrecidae,100,0,0,0,0,0,0,0,0,0,Ref_1,ABC,G,A,NA,1,0,0,Ref_1,ABC,36,Ref_117,1,0,0,0,0,100,carnivore,0,0,0,0,1.9684386007948576,92.9905038373829,0.036,0.008879845763926322,0.5277044278350612,0.10753786233363673,5.376893116681837,"Forest, Wetlands (inland), Grassland, Shrubland","Forest, Wetlands (inland), Grassland, Shrubland",217126822.5969024,2.252448063094339
97203842,40594,setifer setosus,ANIMALIA,CHORDATA,afrosoricida,MAMMALIA,tenrecidae,Setifer,setosus,NA,NA,NA,"(Schreber, 1778)",Least Concern,NA,3.1,Stable,Global,NA,setifer setosus,365,Tenrecidae,40,0,0,0,0,60,0,0,0,0,Ref_1,ABC,G,A,NA,1,0,0,Ref_1,ABC,294,Ref_117,1,60,0,0,0,100,carnivore,0,0,0,0,1.6677820940583805,46.53525457057885,0.294,0.09528314424579039,1.7286062025655198,0.21489084119725296,10.744542059862649,"Forest, Grassland, Shrubland, Savanna","Forest, Grassland, Shrubland, Savanna",396929182.5007631,2.5080903456830383
97204107,40595,tenrec ecaudatus,ANIMALIA,CHORDATA,afrosoricida,MAMMALIA,tenrecidae,Tenrec,ecaudatus,NA,NA,NA,"(Schreber, 1778)",Least Concern,NA,3.1,Stable,Global,NA,tenrec ecaudatus,366,Tenrecidae,90,0,0,0,0,0,0,0,0,10,Ref_1,ABC,G,A,NA,1,1,0,Ref_1,ABC,868,Ref_117,1,0,0,10,10,90,carnivore,0,0,0,0,1.5127892853947853,32.56786471901219,0.868,0.3238253816670059,3.186716800890425,0.3070511403273634,15.35255701636817,"Forest, Grassland, Artificial - Terrestrial, Savanna, Shrubland","Forest, Grassland, Savanna, Shrubland, Arable & Pastureland, Plantations & Heavily Degraded Former Forest, Urban & Rural Gardens",335928874.68016154,2.56869736608317
115105272,12646,macrotarsomys ingens,ANIMALIA,CHORDATA,rodentia,MAMMALIA,nesomyidae,Macrotarsomys,ingens,NA,NA,NA,"Petter, 1959",Endangered,"B1ab(iii,v)",3.1,Decreasing,Global,NA,macrotarsomys ingens,1323,Nesomyidae,0,0,0,0,0,0,40,0,20,40,Ref_1,ABC,G,A,NA,1,0,0,Ref_1,ABC,55,Ref_117,1,0,40,60,100,0,herbivore,0.664079616,-0.218962906,0,-0.1003301887,2.252549493470932,178.8749368608641,0.055,0.00297,0.3051871556930271,0.05590498129862872,2.795249064931436,Forest,Forest,283734760.1694754,2.3240250244580243
115169008,29461,voalavo gymnocaudus,ANIMALIA,CHORDATA,rodentia,MAMMALIA,nesomyidae,Voalavo,gymnocaudus,NA,NA,NA,"Carleton &amp; Goodman, 1998",Least Concern,NA,3.1,Stable,Global,NA,voalavo gymnocaudus,1309,Nesomyidae,20,0,0,0,0,0,30,0,40,10,Ref_3,D2,G,A,NA,1,0,0,Ref_3,D2,50.88,"Ref_2, Ref_3",0,0,30,50,80,20,herbivore,0.664079616,-0.218962906,0,-0.1003301887,2.263696836108346,183.52567755426512,0.05088,0.0027475200000000003,0.2935340307357905,0.05448828814182248,2.724414407091124,Forest,Forest,271567694.71486086,2.3116282279794973
115205056,136251,eliurus danieli,ANIMALIA,CHORDATA,rodentia,MAMMALIA,nesomyidae,Eliurus,danieli,NA,NA,NA,"Carleton &amp; Goodman, 2007",Least Concern,NA,3.1,Unknown,Global,NA,eliurus danieli,NA,NA,NA,NA,NA,NA,NA,NA,NA,NA,NA,NA,NA,NA,NA,NA,NA,NA,NA,NA,NA,NA,NA,NA,NA,NA,NA,NA,NA,NA,NA,0.664079616,-0.218962906,0,0,NA,NA,NA,NA,NA,NA,NA,Shrubland,Shrubland,NA,NA
115205656,136325,eliurus ellermani,ANIMALIA,CHORDATA,rodentia,MAMMALIA,nesomyidae,Eliurus,ellermani,NA,NA,NA,"Carleton, 1994",Data Deficient,NA,3.1,Unknown,Global,NA,eliurus ellermani,1319,Nesomyidae,0,0,0,0,0,0,40,0,60,0,Ref_2,D1,S,A,NA,1,0,0,Ref_3,D2,100,Ref_117,1,0,40,60,100,0,herbivore,0.664079616,-0.218962906,0,-0.1003301887,2.1669597897,146.87902795263258,0.1,0.0054,0.4115142767875739,0.0680832392438281,3.4041619621914054,Forest,Forest,357895545.0535168,2.4055182755122466
115206046,136330,nesomys lambertoni,ANIMALIA,CHORDATA,rodentia,MAMMALIA,nesomyidae,Nesomys,lambertoni,NA,NA,NA,"G. Grandidier, 1928",Endangered,B1ab(iii),3.1,Unknown,Global,NA,nesomys lambertoni,1306,Nesomyidae,0,0,0,0,0,0,50,0,50,0,Ref_2,D1,G,A,NA,0,1,1,Ref_1,ABC,155,Ref_117,1,0,50,50,100,0,herbivore,0.664079616,-0.218962906,0,-0.1003301887,2.104216751602428,127.12083930489837,0.155,0.00837,0.512331142914424,0.07866530817984198,3.9332654089920993,Forest,Forest,389672724.50827956,2.4538018443331624
115209149,136510,macrotarsomys petteri,ANIMALIA,CHORDATA,rodentia,MAMMALIA,nesomyidae,Macrotarsomys,petteri,NA,NA,NA,"Goodman &amp; Soarimalala, 2005",Data Deficient,NA,3.1,Unknown,Global,NA,macrotarsomys petteri,NA,NA,NA,NA,NA,NA,NA,NA,NA,NA,NA,NA,NA,NA,NA,NA,NA,NA,NA,NA,NA,NA,NA,NA,NA,NA,NA,NA,NA,NA,NA,0.664079616,-0.218962906,0,0,NA,NA,NA,NA,NA,NA,NA,Forest,Forest,NA,NA
115559302,868,allocebus trichotis,ANIMALIA,CHORDATA,primates,MAMMALIA,cheirogaleidae,Allocebus,trichotis,NA,NA,NA,"(Günther, 1875)",Endangered,A3cd+4cd,3.1,Decreasing,Global,NA,allocebus trichotis,469,Cheirogaleidae,0,0,0,0,0,0,50,0,0,50,Ref_1,ABC,Ar,A,NA,1,0,0,Ref_1,ABC,77.5,Ref_117,1,0,50,50,100,0,herbivore,-0.02762622,0.445551765,-0.126749624,-0.1003301887,2.049510807181801,112.07553151756494,0.0775,0.004185,0.3622728253678435,0.0892255416021182,4.46127708010591,Forest,Forest,331921699.5755509,2.373679767606699
115559557,2434,avahi laniger,ANIMALIA,CHORDATA,primates,MAMMALIA,indriidae,Avahi,laniger,NA,NA,NA,"(Gmelin, 1788)",Vulnerable,A3cd,3.1,Decreasing,Global,NA,avahi laniger,517,Indriidae,0,0,0,0,0,0,20,0,0,80,Ref_1,ABC,Ar,A,NA,1,0,0,Ref_1,ABC,900,Ref_117,1,0,20,80,100,0,herbivore,-0.02762622,0.266011713,0.033334492,-0.1003301887,1.6789960498536032,47.752493028691404,0.9,0.0486,1.2345428303627215,0.2094131503038311,10.470657515191554,Forest,Forest,332907406.417538,2.570157502270856
115560793,6302,daubentonia madagascariensis,ANIMALIA,CHORDATA,primates,MAMMALIA,daubentoniidae,Daubentonia,madagascariensis,NA,NA,NA,"(Gmelin, 1788)",Endangered,A2cd+3cd+4cd,3.1,Decreasing,Global,NA,daubentonia madagascariensis,528,Daubentoniidae,40,0,0,0,0,0,0,20,40,0,Ref_1,ABC,Ar,A,NA,1,0,0,Ref_1,ABC,2500,Ref_117,1,0,20,40,60,40,omnivore,-0.02762622,0,0,-0.0552981064,1.278416594758746,18.985261995641835,2.5,0.135,2.0575713839378698,0.5267243613649131,26.336218068245653,"Forest, Shrubland","Forest, Shrubland",256669154.00723943,2.608069078873958
115561431,8202,eulemur mongoz,ANIMALIA,CHORDATA,primates,MAMMALIA,lemuridae,Eulemur,mongoz,NA,NA,NA,"(Linnaeus, 1766)",Critically Endangered,A4cde,3.1,Decreasing,Global,NA,eulemur mongoz,494,Lemuridae,0,0,0,0,0,0,20,50,0,30,Ref_1,ABC,Ar,A,NA,1,1,1,Ref_1,ABC,1600,Ref_117,1,0,70,30,100,0,herbivore,-0.02762622,0.507790941,-0.129783393,-0.1003301887,1.6752850293825081,47.34618921418352,1.6,0.0864,1.6460571071502956,0.21121024027429636,10.560512013714819,Forest,Forest,290769542.53032666,2.5936501605071864
115562060,8205,eulemur cinereiceps,ANIMALIA,CHORDATA,primates,MAMMALIA,lemuridae,Eulemur,cinereiceps,NA,NA,NA,"(A. Grandidier &amp; Milne-Edwards, 1890)",Critically Endangered,A4cd,3.1,Decreasing,Global,eulemur albocollaris,eulemur cinereiceps,498,Lemuridae,0,0,0,0,0,0,80,10,0,10,Ref_36,ABC,Ar,A,NA,0,0,1,Ref_1,ABC,2114.06,"Ref_2, Ref_3",0,0,90,10,100,0,herbivore,-0.02762622,0.507790941,0,-0.1003301887,1.765181530542059,58.23465816737349,2.11406,0.11415924,1.8920977158698753,0.17171904695067985,8.585952347533993,Forest,Forest,269393379.9216232,2.60293275789218
115562262,8206,eulemur collaris,ANIMALIA,CHORDATA,primates,MAMMALIA,lemuridae,Eulemur,collaris,NA,NA,NA,"(É. Geoffroy, 1812)",Endangered,A2cd+3cd+4cd,3.1,Decreasing,Global,eulemur fulvus,eulemur collaris,500,Lemuridae,0,0,0,0,0,0,100,0,0,0,Ref_75,ABC,Ar,A,NA,0,0,1,Ref_1,ABC,2375,Ref_129,1,0,100,0,100,0,herbivore,-0.02762622,0.507790941,-0.141870744,-0.1003301887,1.6066481456571025,40.424824734291626,2.375,0.12825,2.005472512900638,0.24737274844675297,12.368637422337649,Forest,Forest,260523065.04635352,2.606518496851314
115562499,8207,eulemur fulvus,ANIMALIA,CHORDATA,primates,MAMMALIA,lemuridae,Eulemur,fulvus,NA,NA,NA,"(É. Geoffroy, 1796)",Vulnerable,A4cd,3.1,Decreasing,Global,eulemur fulvus,eulemur fulvus,496,Lemuridae,0,0,0,0,0,0,30,0,0,70,Ref_1,ABC,Ar,A,NA,0,0,1,Ref_1,ABC,3150,Ref_117,1,0,30,70,100,0,herbivore,-0.02762622,0.507790941,0.067139708,-0.1003301887,1.7752279090634524,59.59748171511354,3.15,0.1701,2.3096181502577435,0.16779232464555738,8.389616232277868,Forest,Forest,239970168.3720637,2.614997097716046
115562696,8209,eulemur rufus,ANIMALIA,CHORDATA,primates,MAMMALIA,lemuridae,Eulemur,rufus,NA,NA,NA,"(Audebert, 1799)",Vulnerable,A4cd,3.1,Decreasing,Global,eulemur fulvus,eulemur rufus,492,Lemuridae,0,0,0,0,0,0,30,0,0,70,Ref_1,ABC,Ar,A,NA,0,0,1,Ref_1,ABC,2394.62,Ref_58,1,0,30,70,100,0,herbivore,-0.02762622,0.507790941,-0.007521476,-0.1003301887,1.7398195733797768,54.93126158130585,2.3946199999999997,0.12930947999999998,2.0137391322611773,0.1820457006107282,9.10228503053641,Forest,Forest,259902188.11913508,2.606768136858624
115563094,8211,eulemur flavifrons,ANIMALIA,CHORDATA,primates,MAMMALIA,lemuridae,Eulemur,flavifrons,NA,NA,NA,"(Gray, 1867)",Critically Endangered,A4cd,3.1,Decreasing,Global,eulemur macaco,eulemur macaco,495,Lemuridae,0,0,0,0,0,0,30,0,0,70,Ref_1,ABC,Ar,A,NA,0,0,1,Ref_1,ABC,2040,Ref_117,1,0,30,70,100,0,herbivore,-0.02762622,0.507790941,0.208312488,-0.1003301887,1.9785993705426157,95.19176306416813,2.04,0.11016,1.8586601625902457,0.10505110608424247,5.252555304212123,Forest,Forest,272134219.18857306,2.601808219404351
115564398,9672,hapalemur aureus,ANIMALIA,CHORDATA,primates,MAMMALIA,lemuridae,Hapalemur,aureus,NA,NA,NA,"Meier, Albignac, Peyriéras, Rumpler &amp; Wright, 1987",Critically Endangered,C2a(i),3.1,Decreasing,Global,NA,hapalemur aureus,504,Lemuridae,0,0,0,0,0,0,0,0,0,100,Ref_1,ABC,Ar,A,NA,0,0,1,Ref_1,ABC,1575,Ref_117,1,0,0,100,100,0,herbivore,-0.02762622,0.507790941,0,-0.1003301887,1.8073230456428253,64.16867114028851,1.575,0.08505,1.6331466559987808,0.15583928765078428,7.791964382539214,"Forest, Wetlands (inland)","Forest, Wetlands (inland)",291959191.22968614,2.5930836389830136
115564580,9673,hapalemur griseus,ANIMALIA,CHORDATA,primates,MAMMALIA,lemuridae,Hapalemur,griseus,NA,NA,NA,"(Link, 1795)",Vulnerable,A2cd,3.1,Decreasing,Global,NA,hapalemur griseus,503,Lemuridae,0,0,0,0,0,0,0,0,0,100,Ref_1,ABC,Ar,A,NA,0,0,1,Ref_1,ABC,1400,Ref_117,1,0,0,100,100,0,herbivore,-0.02762622,0.507790941,-0.088651155,-0.1003301887,1.7355343717511027,54.391917789203944,1.4,0.0756,1.5397454335051621,0.18385084414112834,9.192542207056416,Forest,Forest,300699037.6634424,2.5886625879226104
115564770,9674,prolemur simus,ANIMALIA,CHORDATA,primates,MAMMALIA,lemuridae,Prolemur,simus,NA,NA,NA,"(Gray, 1871)",Critically Endangered,A2cd,3.1,Decreasing,Global,NA,prolemur simus,506,Lemuridae,0,0,0,0,0,0,10,0,0,90,Ref_101,ABC,Ar,A,NA,0,1,0,Ref_1,ABC,2030.41,Ref_58,1,0,10,90,100,0,herbivore,-0.02762622,0.507790941,0,-0.1003301887,1.7709614882056888,59.01487454179356,2.0304100000000003,0.10964214000000001,1.8542862536296816,0.16944880553661318,8.472440276830659,"Forest, Artificial - Terrestrial","Forest, Plantations & Heavily Degraded Former Forest",272496852.80063254,2.601658524344285
115565375,9678,hapalemur occidentalis,ANIMALIA,CHORDATA,primates,MAMMALIA,lemuridae,Hapalemur,occidentalis,NA,NA,NA,"Rumpler, 1975",Vulnerable,A2cd,3.1,Decreasing,Global,NA,hapalemur occidentalis,502,Lemuridae,0,0,0,0,0,0,0,0,0,100,Ref_1,ABC,Ar,A,NA,0,0,1,Ref_1,ABC,750,Ref_129,1,0,0,100,100,0,herbivore,-0.02762622,0.507790941,0,-0.1003301887,1.9135429642355475,81.94886902098202,0.75,0.0405,1.126978260659894,0.12202730946097158,6.101365473048579,Forest,Forest,348367422.1976847,2.562735179561773
115565566,10826,indri indri,ANIMALIA,CHORDATA,primates,MAMMALIA,indriidae,Indri,indri,NA,NA,NA,"(Gmelin, 1788)",Critically Endangered,A3cd+4cd,3.1,Decreasing,Global,NA,indri indri,520,Indriidae,0,0,0,0,0,0,30,0,0,70,Ref_1,ABC,Ar,A,NA,0,0,1,Ref_1,ABC,8000,Ref_117,1,0,30,70,100,0,herbivore,-0.02762622,0.266011713,-0.38593239,-0.1003301887,0.9469406307618813,8.849946203870715,8,0.432,3.680695586434716,1.1299503714074877,56.49751857037438,Forest,Forest,178949086.84354284,2.6380740379523515
115565760,11496,lemur catta,ANIMALIA,CHORDATA,primates,MAMMALIA,lemuridae,Lemur,catta,NA,NA,NA,"Linnaeus, 1758",Endangered,A4cd,3.1,Decreasing,Global,NA,lemur catta,505,Lemuridae,0,0,0,0,0,0,80,0,0,20,Ref_1,ABC,S,A,NA,0,0,1,Ref_1,ABC,2900,Ref_117,1,0,80,20,100,0,herbivore,-0.02762622,0.507790941,0.36154982,-0.1003301887,2.0814766316789677,120.63591752218004,2.9,0.1566,2.21607220098985,0.08289405183295769,4.144702591647884,"Forest, Shrubland, Rocky Areas, Caves & Subterranean (non-aquatic)","Forest, Shrubland, Rocky Areas, Caves & Subterranean (non-aquatic)",245799519.82518327,2.6125143003733795
115566145,11617,lepilemur edwardsi,ANIMALIA,CHORDATA,primates,MAMMALIA,lepilemuridae,Lepilemur,edwardsi,NA,NA,NA,"(Forbes, 1894)",Endangered,A2cd+3cd+4cd,3.1,Decreasing,Global,NA,lepilemur edwardsi,513,Lepilemuridae,0,0,0,0,0,0,0,0,0,100,Ref_1,ABC,Ar,A,NA,1,0,0,Ref_1,ABC,700,Ref_117,1,0,0,100,100,0,herbivore,-0.02762622,0.341742337,0.056046369,-0.1003301887,1.8134181363304758,65.07559330442751,0.7,0.0378,1.0887644373325205,0.15366744261891555,7.683372130945777,Forest,Forest,354195055.7968311,2.5598108725684527
115566334,11618,lepilemur leucopus,ANIMALIA,CHORDATA,primates,MAMMALIA,lepilemuridae,Lepilemur,leucopus,NA,NA,NA,"(Major, 1894)",Endangered,"B1ab(i,iii,v)",3.1,Decreasing,Global,NA,lepilemur leucopus,509,Lepilemuridae,0,0,0,0,0,0,0,0,0,100,Ref_1,ABC,Ar,A,NA,1,0,0,Ref_1,ABC,650,Ref_117,1,0,0,100,100,0,herbivore,-0.02762622,0.341742337,0,-0.1003301887,1.7679814809743026,58.61131711587014,0.65,0.0351,1.0491596637309308,0.17061551406924974,8.530775703462487,Forest,Forest,360261452.9943899,2.5565336152179214
115566492,11619,lepilemur microdon,ANIMALIA,CHORDATA,primates,MAMMALIA,lepilemuridae,Lepilemur,microdon,NA,NA,NA,"(Forsyth Major, 1894)",Endangered,"B1ab(i,iii,v)",3.1,Decreasing,Global,NA,lepilemur microdon,512,Lepilemuridae,0,0,0,0,0,0,0,0,0,100,Ref_1,ABC,Ar,A,NA,1,0,0,Ref_1,ABC,900,Ref_117,1,0,0,100,100,0,herbivore,-0.02762622,0.341742337,-0.175864214,-0.1003301887,1.545527967853603,35.117853911107694,0.9,0.0486,1.2345428303627215,0.28475544164266325,14.237772082133162,Forest,Forest,332907406.417538,2.570157502270856
115566869,11621,lepilemur ruficaudatus,ANIMALIA,CHORDATA,primates,MAMMALIA,lepilemuridae,Lepilemur,ruficaudatus,NA,NA,NA,"A. Grandidier, 1867",Critically Endangered,A3cd+4cd,3.1,Decreasing,Global,NA,lepilemur ruficaudatus,511,Lepilemuridae,0,0,0,0,0,0,0,0,0,100,Ref_1,ABC,Ar,A,NA,1,0,0,Ref_1,ABC,700,Ref_117,1,0,0,100,100,0,herbivore,-0.02762622,0.341742337,0.120348371,-0.1003301887,1.8777201383304756,75.46057989710836,0.7,0.0378,1.0887644373325205,0.1325195222940925,6.625976114704625,Forest,Forest,354195055.7968311,2.5598108725684527
115567059,11622,lepilemur septentrionalis,ANIMALIA,CHORDATA,primates,MAMMALIA,lepilemuridae,Lepilemur,septentrionalis,NA,NA,NA,"Rumpler &amp; Albignac, 1975",Critically Endangered,"A2acd+3cd+4acd; C2a(i,ii); D",3.1,Decreasing,Global,NA,lepilemur septentrionalis,510,Lepilemuridae,0,0,0,0,0,0,0,0,0,100,Ref_1,ABC,Ar,A,NA,1,0,0,Ref_1,ABC,750,Ref_117,1,0,0,100,100,0,herbivore,-0.02762622,0.341742337,0,-0.1003301887,1.7474943602355473,55.9106266948436,0.75,0.0405,1.126978260659894,0.17885687553779928,8.942843776889964,Forest,Forest,348367422.1976847,2.562735179561773
115567718,13584,mirza coquereli,ANIMALIA,CHORDATA,primates,MAMMALIA,cheirogaleidae,Mirza,coquereli,NA,NA,NA,"(A. Grandidier, 1867)",Endangered,A2cd+3cd+4cd,3.1,Decreasing,Global,NA,mirza coquereli,485,Cheirogaleidae,60,0,0,0,10,0,10,0,10,10,Ref_82,ABC,Ar,A,NA,1,0,0,Ref_1,ABC,308,Ref_117,1,10,10,20,30,70,omnivore,-0.02762622,0.445551765,-0.32297897,-0.0552981064,1.700770495863289,50.20771953027358,0.308,0.016632,0.722204624742877,0.1991725593904008,9.95862796952004,Forest,Forest,395335737.3530277,2.5112720505862294
115570701,16872,phaner furcifer,ANIMALIA,CHORDATA,primates,MAMMALIA,cheirogaleidae,Phaner,furcifer,NA,NA,NA,"(de Blainville, 1839)",Endangered,A2acd+3cd+4acd,3.1,Decreasing,Global,phaner furcifer,phaner furcifer,487,Cheirogaleidae,0,0,0,0,0,0,0,100,0,0,Ref_1,ABC,Ar,A,NA,1,0,0,Ref_1,ABC,400,Ref_117,1,0,100,0,100,0,herbivore,-0.02762622,0.445551765,0,-0.1003301887,1.9412989355412535,87.35724628374452,0.4,0.0216,0.8230285535751478,0.11447247281031574,5.723623640515787,Forest,Forest,385956632.6433347,2.5286953275358477
115570887,16873,phaner parienti,ANIMALIA,CHORDATA,primates,MAMMALIA,cheirogaleidae,Phaner,parienti,NA,NA,NA,"Groves &amp; Tattersall, 1991",Endangered,"B1ab(i,iii)",3.1,Decreasing,Global,phaner furcifer,phaner parienti,489,Cheirogaleidae,0,0,0,0,0,0,0,100,0,0,Ref_1,ABC,Ar,A,NA,1,0,0,Ref_1,ABC,425,Ref_117,1,0,100,0,100,0,herbivore,-0.02762622,0.445551765,0,-0.1003301887,1.9326195740833059,85.62874404613858,0.425,0.022949999999999998,0.8483584148224144,0.11678321469496024,5.839160734748012,Forest,Forest,384127141.94312924,2.5327676990641415
115571047,16874,phaner pallescens,ANIMALIA,CHORDATA,primates,MAMMALIA,cheirogaleidae,Phaner,pallescens,NA,NA,NA,"Groves &amp; Tattersall, 1991",Endangered,A2c+3c+4c,3.1,Decreasing,Global,phaner furcifer,phaner pallescens,488,Cheirogaleidae,0,0,0,0,0,0,0,100,0,0,Ref_1,ABC,Ar,A,NA,1,0,0,Ref_1,ABC,425,Ref_117,1,0,100,0,100,0,herbivore,-0.02762622,0.445551765,0.079322964,-0.1003301887,2.0119425380833063,102.78802893085073,0.425,0.022949999999999998,0.8483584148224144,0.09728759374038942,4.864379687019471,"Forest, Artificial - Terrestrial","Forest, Plantations & Heavily Degraded Former Forest",384127141.94312924,2.5327676990641415
115571235,16875,phaner electromontis,ANIMALIA,CHORDATA,primates,MAMMALIA,cheirogaleidae,Phaner,electromontis,NA,NA,NA,"Groves &amp; Tattersall, 1991",Endangered,"B1ab(i,iii)",3.1,Decreasing,Global,phaner furcifer,phaner electromontis,486,Cheirogaleidae,0,0,0,0,0,0,0,100,0,0,Ref_1,ABC,Ar,A,NA,1,0,0,Ref_1,ABC,425,Ref_117,1,0,100,0,100,0,herbivore,-0.02762622,0.445551765,0,-0.1003301887,1.9326195740833059,85.62874404613858,0.425,0.022949999999999998,0.8483584148224144,0.11678321469496024,5.839160734748012,Forest,Forest,384127141.94312924,2.5327676990641415
115571806,18352,propithecus tattersalli,ANIMALIA,CHORDATA,primates,MAMMALIA,indriidae,Propithecus,tattersalli,NA,NA,NA,"Simons, 1988",Critically Endangered,A2acd+4acd,3.1,Decreasing,Global,NA,propithecus tattersalli,526,Indriidae,0,0,0,0,0,0,30,0,0,70,Ref_1,ABC,Ar,A,NA,0,0,1,Ref_1,ABC,3500,Ref_117,1,0,30,70,100,0,herbivore,-0.02762622,0.266011713,0.029414432,-0.1003301887,1.4806394017098488,30.244012000237774,3.5,0.189,2.4345512933598257,0.3306439635033005,16.532198175165025,"Forest, Artificial - Terrestrial","Forest, Plantations & Heavily Degraded Former Forest",232755908.97533357,2.6181266457100194
115572044,18354,propithecus verreauxi,ANIMALIA,CHORDATA,primates,MAMMALIA,indriidae,Propithecus,verreauxi,NA,NA,NA,"A. Grandidier, 1867",Critically Endangered,A2cde+3cde+4cde,3.1,Decreasing,Global,propithecus verreauxi,propithecus verreauxi,522,Indriidae,0,0,0,0,0,0,30,0,0,70,Ref_1,ABC,Ar,A,NA,0,0,1,Ref_1,ABC,3480,Ref_117,1,0,30,70,100,0,herbivore,-0.02762622,0.266011713,-0.017971965,-0.1003301887,1.4340734402970234,27.1689866444198,3.48,0.18792,2.4275854670845267,0.3680667273637122,18.40333636818561,"Forest, Shrubland","Forest, Shrubland",233143269.55852637,2.6179582619548407
115572275,18355,propithecus coquereli,ANIMALIA,CHORDATA,primates,MAMMALIA,indriidae,Propithecus,coquereli,NA,NA,NA,"(A. Grandidier, 1867)",Critically Endangered,A2cd+3cd+4cd,3.1,Decreasing,Global,propithecus verreauxi,propithecus coquereli,525,Indriidae,0,0,0,0,0,0,30,0,0,70,Ref_75,ABC,Ar,A,NA,0,0,1,Ref_1,ABC,4189.27,Ref_58,1,0,30,70,100,0,herbivore,-0.02762622,0.266011713,0.037856087,-0.1003301887,1.4633451003997888,29.063311748434252,4.1892700000000005,0.22622058000000003,2.6635084735739065,0.3440764110627805,17.20382055313902,Forest,Forest,220827598.14973828,2.623269821910045
115572495,18356,propithecus coronatus,ANIMALIA,CHORDATA,primates,MAMMALIA,indriidae,Propithecus,coronatus,NA,NA,NA,"Milne-Edwards, 1871",Critically Endangered,A2acd,3.1,Decreasing,Global,propithecus verreauxi,propithecus verreauxi,522,Indriidae,0,0,0,0,0,0,30,0,0,70,Ref_1,ABC,Ar,A,NA,0,0,1,Ref_1,ABC,3480,Ref_117,1,0,30,70,100,0,herbivore,-0.02762622,0.266011713,-0.017971965,-0.1003301887,1.4340734402970234,27.1689866444198,3.48,0.18792,2.4275854670845267,0.3680667273637122,18.40333636818561,Forest,Forest,233143269.55852637,2.6179582619548407
115572684,18357,propithecus deckenii,ANIMALIA,CHORDATA,primates,MAMMALIA,indriidae,Propithecus,deckenii,NA,NA,NA,"A. Grandidier, 1867",Critically Endangered,A3cd,3.1,Decreasing,Global,propithecus verreauxi,propithecus deckenii,524,Indriidae,0,0,0,0,0,0,30,0,0,70,Ref_1,ABC,Ar,A,NA,0,0,1,Ref_1,ABC,4000,Ref_129,1,0,30,70,100,0,herbivore,-0.02762622,0.266011713,0.172812914,-0.1003301887,1.604920779341254,40.26435804814493,4,0.216,2.602644808651384,0.2483586100650802,12.417930503254011,Forest,Forest,223860147.11667302,2.621975635729639
115572884,18358,propithecus diadema,ANIMALIA,CHORDATA,primates,MAMMALIA,indriidae,Propithecus,diadema,NA,NA,NA,"Bennett, 1832",Critically Endangered,A3cd+4cd,3.1,Decreasing,Global,propithecus diadema,propithecus diadema,527,Indriidae,0,0,0,0,0,0,30,0,0,70,Ref_1,ABC,Ar,A,NA,0,0,1,Ref_1,ABC,7500,Ref_117,1,0,30,70,100,0,herbivore,-0.02762622,0.266011713,0.316910943,-0.1003301887,1.6590236610355475,45.60617622251278,7.5,0.40499999999999997,3.563818177180199,0.21926854711980118,10.96342735599006,Forest,Forest,183174769.07810146,2.636952617252397
115573104,18359,propithecus edwardsi,ANIMALIA,CHORDATA,primates,MAMMALIA,indriidae,Propithecus,edwardsi,NA,NA,NA,"A. Grandidier, 1871",Endangered,"A2cd+3cd+4cd; B1ab(i,ii,iii,v)",3.1,Decreasing,Global,propithecus diadema,propithecus edwardsi,521,Indriidae,0,0,0,0,0,0,40,0,10,50,Ref_50,ABC,Ar,A,NA,0,0,1,Ref_1,ABC,6573.27,Ref_58,1,0,40,60,100,0,herbivore,-0.02762622,0.266011713,-0.189666207,-0.1003301887,1.1713288527593844,14.83641089954377,6.573270000000001,0.35495658,3.3363810257223316,0.6740174606722106,33.700873033610534,Forest,Forest,191741508.81203157,2.6343770645817095
115573359,18360,propithecus candidus,ANIMALIA,CHORDATA,primates,MAMMALIA,indriidae,Propithecus,candidus,NA,NA,NA,"A. Grandidier, 1871",Critically Endangered,C2a(i),3.1,Decreasing,Global,propithecus diadema,propithecus diadema,527,Indriidae,0,0,0,0,0,0,30,0,0,70,Ref_1,ABC,Ar,A,NA,0,0,1,Ref_1,ABC,7500,Ref_117,1,0,30,70,100,0,herbivore,-0.02762622,0.266011713,0.316910943,-0.1003301887,1.6590236610355475,45.60617622251278,7.5,0.40499999999999997,3.563818177180199,0.21926854711980118,10.96342735599006,Forest,Forest,183174769.07810146,2.636952617252397
115573556,18361,propithecus perrieri,ANIMALIA,CHORDATA,primates,MAMMALIA,indriidae,Propithecus,perrieri,NA,NA,NA,"Lavauden, 1931",Critically Endangered,A2a; C2a(ii),3.1,Decreasing,Global,propithecus diadema,propithecus perrieri,523,Indriidae,0,0,0,0,0,0,30,0,0,70,Ref_41,ABC,Ar,A,NA,0,0,1,Ref_1,ABC,5250,Ref_129,1,0,30,70,100,0,herbivore,-0.02762622,0.266011713,0,-0.1003301887,1.3931763068660235,24.727277737131864,5.25,0.2835,2.9817042106822065,0.40441168277021616,20.22058413851081,Forest,Forest,206218948.41815713,2.6292214241377034
115574178,22918,varecia variegata,ANIMALIA,CHORDATA,primates,MAMMALIA,lemuridae,Varecia,variegata,NA,NA,NA,"(Kerr, 1792)",Critically Endangered,A2cd+3cd+4cd,3.1,Decreasing,Global,NA,varecia variegata,508,Lemuridae,0,0,0,0,0,0,100,0,0,0,Ref_1,ABC,Ar,A,NA,0,1,0,Ref_1,ABC,3850,Ref_117,1,0,100,0,100,0,herbivore,-0.02762622,0.507790941,-0.209143147,-0.1003301887,1.470215909901408,29.526767878192135,3.85,0.2079,2.553378937799871,0.33867574132236106,16.933787066118054,Forest,Forest,226383548.91046458,2.620889750393542
115574598,22920,varecia rubra,ANIMALIA,CHORDATA,primates,MAMMALIA,lemuridae,Varecia,rubra,NA,NA,NA,"(É. Geoffroy, 1812)",Critically Endangered,A4cd,3.1,Decreasing,Global,varecia variegata,varecia rubra,507,Lemuridae,0,0,0,0,0,0,90,0,0,10,Ref_1,ABC,Ar,A,NA,0,1,0,Ref_1,ABC,3872.6,Ref_58,1,0,90,10,100,0,herbivore,-0.02762622,0.507790941,-0.02163655,-0.1003301887,1.6568845631500557,45.38209735639321,3.8726,0.20912039999999998,2.560862304771578,0.2203512085717045,11.017560428585226,Forest,Forest,225996074.21741688,2.6210569230797223
115574811,39751,microcebus ravelobensis,ANIMALIA,CHORDATA,primates,MAMMALIA,cheirogaleidae,Microcebus,ravelobensis,NA,NA,NA,"Zimmermann, Cepok, Rakotoarison, Zietemann &amp; Radespiel, 1998",Vulnerable,"B1ab(i,iii)",3.1,Decreasing,Global,NA,microcebus ravelobensis,484,Cheirogaleidae,20,0,20,0,0,0,30,10,0,20,Ref_2,D1,Ar,A,NA,1,0,0,Ref_1,ABC,55,Ref_117,1,20,40,20,60,40,omnivore,-0.02762622,0.445551765,0,-0.0552981064,2.270390410770932,186.37618200012489,0.055,0.00297,0.3051871556930271,0.053654924640495635,2.682746232024782,Forest,Forest,283734760.1694754,2.3240250244580243
115579176,41571,microcebus tavaratra,ANIMALIA,CHORDATA,primates,MAMMALIA,cheirogaleidae,Microcebus,tavaratra,NA,NA,NA,"Rasoloarison, Goodman &amp; Ganzhorn, 2000",Vulnerable,"B1ab(i,iii,v)",3.1,Decreasing,Global,NA,microcebus tavaratra,478,Cheirogaleidae,20,0,20,0,0,0,30,10,0,20,Ref_2,D1,Ar,A,NA,1,0,0,Ref_1,ABC,68.01,Ref_58,1,20,40,20,60,40,omnivore,-0.02762622,0.445551765,0,-0.0552981064,2.239993262246357,173.77738682800958,0.06801,0.00367254,0.3393683167297737,0.057544886492608895,2.877244324630445,"Forest, Artificial - Terrestrial, Shrubland","Forest, Shrubland, Plantations & Heavily Degraded Former Forest",315303101.435409,2.3557890648101454
115579341,41572,microcebus sambiranensis,ANIMALIA,CHORDATA,primates,MAMMALIA,cheirogaleidae,Microcebus,sambiranensis,NA,NA,NA,"Rasoloarison, Goodman &amp; Ganzhorn, 2000",Endangered,"B1ab(i,iii)",3.1,Decreasing,Global,NA,microcebus sambiranensis,479,Cheirogaleidae,20,0,20,0,0,0,30,10,0,20,Ref_2,D1,Ar,A,NA,1,0,0,Ref_1,ABC,49.06,Ref_58,1,20,40,20,60,40,omnivore,-0.02762622,0.445551765,0,-0.0552981064,2.286752687064348,193.53195647939788,0.04906,0.0026492399999999998,0.28823630305705766,0.051671053101065165,2.5835526550532584,Forest,Forest,265833623.66436517,2.3057039002900104
115579719,41576,cheirogaleus sibreei,ANIMALIA,CHORDATA,primates,MAMMALIA,cheirogaleidae,Cheirogaleus,sibreei,NA,NA,NA,"(Forsyth Major, 1894)",Critically Endangered,A4c,3.1,Decreasing,Global,NA,cheirogaleus sibreei,475,Cheirogaleidae,10,0,0,0,0,0,50,0,0,40,Ref_12,ABC,Ar,A,NA,1,0,0,Ref_1,ABC,285.39,"Ref_2, Ref_3",0,0,50,40,90,10,herbivore,-0.02762622,0.445551765,0,-0.1003301887,1.9896327765513595,97.64112543390583,0.28539,0.015411059999999999,0.6951912266419937,0.10241586171360849,5.1207930856804245,Forest,Forest,397885743.34272265,2.5060297377012275
115579946,41579,avahi unicolor,ANIMALIA,CHORDATA,primates,MAMMALIA,indriidae,Avahi,unicolor,NA,NA,NA,"Thalmann &amp; Geissmann, 2000",Critically Endangered,A2c+3c+4c,3.1,Decreasing,Global,NA,avahi unicolor,519,Indriidae,0,0,0,0,0,0,0,0,0,100,Ref_1,ABC,Ar,A,NA,1,0,0,Ref_1,ABC,848.53,"Ref_2, Ref_3",0,0,0,100,100,0,herbivore,-0.02762622,0.266011713,0,-0.1003301887,1.654092484149958,45.09127173648289,0.84853,0.04582062,1.1987220875582463,0.22177240993425124,11.088620496712561,Forest,Forest,337842102.3752139,2.5677820553314374
115581016,136206,microcebus mamiratra,ANIMALIA,CHORDATA,primates,MAMMALIA,cheirogaleidae,Microcebus,mamiratra,NA,NA,NA,"Andriantompohavana, Zaonarivelo, Engberg, Randriamampionona, McGuire, Shore, Rakotonomenjanahary, Brenneman &amp; Louis Jr., 2006",Endangered,"B1ab(i,iii)",3.1,Decreasing,Global,NA,microcebus mamiratra,NA,NA,NA,NA,NA,NA,NA,NA,NA,NA,NA,NA,NA,NA,NA,NA,NA,NA,NA,NA,NA,NA,NA,NA,NA,NA,NA,NA,NA,NA,NA,-0.02762622,0.445551765,0,0,NA,NA,NA,NA,NA,NA,NA,Forest,Forest,NA,NA
115581154,163021377,cheirogaleus crossleyi,ANIMALIA,CHORDATA,primates,MAMMALIA,cheirogaleidae,Cheirogaleus,crossleyi,NA,NA,NA,"A. Grandidier, 1870",Vulnerable,A4cd,3.1,Decreasing,Global,NA,cheirogaleus crossleyi,470,Cheirogaleidae,10,0,0,0,0,0,50,0,0,40,Ref_12,ABC,Ar,A,NA,1,0,0,Ref_1,ABC,285.39,"Ref_2, Ref_3",0,0,50,40,90,10,herbivore,-0.02762622,0.445551765,-0.104220545,-0.1003301887,1.8854122315513595,76.8090213322503,0.28539,0.015411059999999999,0.6951912266419937,0.1301930401735406,6.50965200867703,Forest,Forest,397885743.34272265,2.5060297377012275
115581313,136254,lepilemur randrianasoloi,ANIMALIA,CHORDATA,primates,MAMMALIA,lepilemuridae,Lepilemur,randrianasoloi,NA,NA,NA,"Andriaholinirina, Fausser, Roos, Zinner, Thalmann, Rabarivola, Ravoarimanana, Ganzhorn, Meier, Hilgartner, Walter, Zaramody, Langer, Hahn, Zimmermann, Radespiel, Craul, Tomiuk, Tattersall &amp; Rumpler, 2017",Endangered,"A2c+3c+4c; B1ab(i,iii,iv)",3.1,Decreasing,Global,NA,lepilemur randrianasoloi,NA,NA,NA,NA,NA,NA,NA,NA,NA,NA,NA,NA,NA,NA,NA,NA,NA,NA,NA,NA,NA,NA,NA,NA,NA,NA,NA,NA,NA,NA,NA,-0.02762622,0.341742337,0,0,NA,NA,NA,NA,NA,NA,NA,NA,NA,NA,NA
115581448,136263,lepilemur fleuretae,ANIMALIA,CHORDATA,primates,MAMMALIA,lepilemuridae,Lepilemur,fleuretae,NA,NA,NA,"Louis Jr., Engberg, Lei, Geng, Sommer, Randriamampionona, Randriamanana, Zaonarivelo, Andriantompohavana, Randria, Prosper, Ramaromilanto, Rakotoarisoa, Rooney &amp; Brenneman, 2006",Endangered,"B1ab(i,ii,iii,v)",3.1,Decreasing,Global,NA,lepilemur fleuretae,NA,NA,NA,NA,NA,NA,NA,NA,NA,NA,NA,NA,NA,NA,NA,NA,NA,NA,NA,NA,NA,NA,NA,NA,NA,NA,NA,NA,NA,NA,NA,-0.02762622,0.341742337,0,0,NA,NA,NA,NA,NA,NA,NA,NA,NA,NA,NA
115581600,136269,eulemur rufifrons,ANIMALIA,CHORDATA,primates,MAMMALIA,lemuridae,Eulemur,rufifrons,NA,NA,NA,"(Bennett, 1833)",Vulnerable,A2bcd+3bcd+4bcd,3.1,Decreasing,Global,NA,eulemur rufifrons,NA,NA,NA,NA,NA,NA,NA,NA,NA,NA,NA,NA,NA,NA,NA,NA,NA,NA,NA,NA,NA,NA,NA,NA,NA,NA,NA,NA,NA,NA,NA,-0.02762622,0.507790941,0,0,NA,NA,NA,NA,NA,NA,NA,NA,NA,NA,NA
115581938,136285,avahi peyrierasi,ANIMALIA,CHORDATA,primates,MAMMALIA,indriidae,Avahi,peyrierasi,NA,NA,NA,"Zaramody, Fausser, Roos, Zinner, Andriaholinirina, Rabarivola, Norscia, Tattersall &amp; Rumpler, 2006",Vulnerable,"A3cd; B1ab(i,iii)",3.1,Decreasing,Global,NA,avahi peyrierasi,NA,NA,NA,NA,NA,NA,NA,NA,NA,NA,NA,NA,NA,NA,NA,NA,NA,NA,NA,NA,NA,NA,NA,NA,NA,NA,NA,NA,NA,NA,NA,-0.02762622,0.266011713,0,0,NA,NA,NA,NA,NA,NA,NA,NA,NA,NA,NA
115582103,136311,lepilemur wrightae,ANIMALIA,CHORDATA,primates,MAMMALIA,lepilemuridae,Lepilemur,wrightae,NA,NA,NA,"Louis Jr., Engberg, Lei, Geng, Sommer, Randriamampionona, Randriamanana, Zaonarivelo, Andriantompohavana, Randria, Prosper, Ramaromilanto, Rakotoarisoa, Rooney &amp; Brenneman, 2006",Endangered,"B1ab(i,iii,v)",3.1,Decreasing,Global,NA,lepilemur wrightae,NA,NA,NA,NA,NA,NA,NA,NA,NA,NA,NA,NA,NA,NA,NA,NA,NA,NA,NA,NA,NA,NA,NA,NA,NA,NA,NA,NA,NA,NA,NA,-0.02762622,0.341742337,0,0,NA,NA,NA,NA,NA,NA,NA,Forest,Forest,NA,NA
115582253,136335,avahi cleesei,ANIMALIA,CHORDATA,primates,MAMMALIA,indriidae,Avahi,cleesei,NA,NA,NA,"Thalmann &amp; Geissmann, 2005",Critically Endangered,A2c+3c+4c,3.1,Decreasing,Global,NA,avahi cleesei,NA,NA,NA,NA,NA,NA,NA,NA,NA,NA,NA,NA,NA,NA,NA,NA,NA,NA,NA,NA,NA,NA,NA,NA,NA,NA,NA,NA,NA,NA,NA,-0.02762622,0.266011713,0,0,NA,NA,NA,NA,NA,NA,NA,Forest,Forest,NA,NA
115582568,136369,avahi meridionalis,ANIMALIA,CHORDATA,primates,MAMMALIA,indriidae,Avahi,meridionalis,NA,NA,NA,"Zaramody, Fausser, Roos, Zinner, Andriaholinirina, Rabarivola, Norscia, Tattersall &amp; Rumpler, 2006",Endangered,"B1ab(i,iii,v)",3.1,Decreasing,Global,NA,avahi meridionalis,NA,NA,NA,NA,NA,NA,NA,NA,NA,NA,NA,NA,NA,NA,NA,NA,NA,NA,NA,NA,NA,NA,NA,NA,NA,NA,NA,NA,NA,NA,NA,-0.02762622,0.266011713,0,0,NA,NA,NA,NA,NA,NA,NA,Forest,Forest,NA,NA
115582704,136376,lepilemur aeeclis,ANIMALIA,CHORDATA,primates,MAMMALIA,lepilemuridae,Lepilemur,aeeclis,NA,NA,NA,"Andriaholinirina, Fausser, Roos, Zinner, Thalmann, Rabarivola, Ravoarimanana, Ganzhorn, Meier, Hilgartner, Walter, Zaramody, Langer, Hahn, Zimmermann, Radespiel, Craul, Tomiuk, Tattersall &amp; Rumpler, 2017",Endangered,"A2c+3c+4c; B1ab(i,iii,iv,v)",3.1,Decreasing,Global,NA,lepilemur aeeclis,NA,NA,NA,NA,NA,NA,NA,NA,NA,NA,NA,NA,NA,NA,NA,NA,NA,NA,NA,NA,NA,NA,NA,NA,NA,NA,NA,NA,NA,NA,NA,-0.02762622,0.341742337,0,0,NA,NA,NA,NA,NA,NA,NA,Forest,Forest,NA,NA
115582831,136384,hapalemur meridionalis,ANIMALIA,CHORDATA,primates,MAMMALIA,lemuridae,Hapalemur,meridionalis,NA,NA,NA,"Warter, Randrianasolo, Dutrillaux &amp; Rumpler, 1987",Vulnerable,A3cd+4cd,3.1,Decreasing,Global,NA,hapalemur meridionalis,NA,NA,NA,NA,NA,NA,NA,NA,NA,NA,NA,NA,NA,NA,NA,NA,NA,NA,NA,NA,NA,NA,NA,NA,NA,NA,NA,NA,NA,NA,NA,-0.02762622,0.507790941,0,0,NA,NA,NA,NA,NA,NA,NA,Forest,Forest,NA,NA
115583017,136434,avahi ramanantsoavanai,ANIMALIA,CHORDATA,primates,MAMMALIA,indriidae,Avahi,ramanantsoavanai,NA,NA,NA,"Zaramody, Fausser, Roos, Zinner, Andriaholinirina, Rabarivola, Norscia, Tattersall &amp; Rumpler, 2006",Vulnerable,"B1ab(i,iii,v)",3.1,Decreasing,Global,NA,avahi ramanantsoavanai,NA,NA,NA,NA,NA,NA,NA,NA,NA,NA,NA,NA,NA,NA,NA,NA,NA,NA,NA,NA,NA,NA,NA,NA,NA,NA,NA,NA,NA,NA,NA,-0.02762622,0.266011713,0,0,NA,NA,NA,NA,NA,NA,NA,Forest,Forest,NA,NA
115583306,136491,lepilemur jamesorum,ANIMALIA,CHORDATA,primates,MAMMALIA,lepilemuridae,Lepilemur,jamesorum,NA,NA,NA,"Louis Jr., Engberg, Lei, Geng, Sommer, Randriamampionona, Randriamanana, Zaonarivelo, Andriantompohavana, Randria, Prosper, Ramaromilanto, Rakotoarisoa, Rooney &amp; Brenneman, 2006",Critically Endangered,"B1ab(i,iii,v)",3.1,Decreasing,Global,NA,lepilemur jamesorum,NA,NA,NA,NA,NA,NA,NA,NA,NA,NA,NA,NA,NA,NA,NA,NA,NA,NA,NA,NA,NA,NA,NA,NA,NA,NA,NA,NA,NA,NA,NA,-0.02762622,0.341742337,0,0,NA,NA,NA,NA,NA,NA,NA,Forest,Forest,NA,NA
115583451,136537,microcebus bongolavensis,ANIMALIA,CHORDATA,primates,MAMMALIA,cheirogaleidae,Microcebus,bongolavensis,NA,NA,NA,"Olivieri, Zimmermann, Randrianambinina, Rasoloharijaona, Rakotondravony, Guschanski &amp; Radespiel, 2007",Endangered,"B1ab(i,iii)",3.1,Decreasing,Global,NA,microcebus bongolavensis,NA,NA,NA,NA,NA,NA,NA,NA,NA,NA,NA,NA,NA,NA,NA,NA,NA,NA,NA,NA,NA,NA,NA,NA,NA,NA,NA,NA,NA,NA,NA,-0.02762622,0.445551765,0,0,NA,NA,NA,NA,NA,NA,NA,Forest,Forest,NA,NA
115583605,136609,lepilemur milanoii,ANIMALIA,CHORDATA,primates,MAMMALIA,lepilemuridae,Lepilemur,milanoii,NA,NA,NA,"Louis Jr., Engberg, Lei, Geng, Sommer, Randriamampionona, Randriamanana, Zaonarivelo, Andriantompohavana, Randria, Prosper, Ramaromilanto, Rakotoarisoa, Rooney &amp; Brenneman, 2006",Endangered,"A3cd; B1ab(i,iii,v)",3.1,Decreasing,Global,NA,lepilemur milanoii,NA,NA,NA,NA,NA,NA,NA,NA,NA,NA,NA,NA,NA,NA,NA,NA,NA,NA,NA,NA,NA,NA,NA,NA,NA,NA,NA,NA,NA,NA,NA,-0.02762622,0.341742337,0,0,NA,NA,NA,NA,NA,NA,NA,Forest,Forest,NA,NA
115583923,136637,microcebus griseorufus,ANIMALIA,CHORDATA,primates,MAMMALIA,cheirogaleidae,Microcebus,griseorufus,NA,NA,NA,"Kollman, 1910",Least Concern,NA,3.1,Decreasing,Global,NA,microcebus griseorufus,481,Cheirogaleidae,20,0,20,0,0,0,30,10,0,20,Ref_2,D1,Ar,A,NA,1,0,0,Ref_1,ABC,70.24,Ref_58,1,20,40,20,60,40,omnivore,-0.02762622,0.445551765,0,-0.0552981064,2.235374281827318,171.93895458245458,0.07024,0.0037929599999999997,0.34488726505917844,0.058160176815571056,2.9080088407785527,"Shrubland, Forest","Shrubland, Forest",319632020.5414601,2.3603208146611285
115584072,136645,lepilemur sahamalaza,ANIMALIA,CHORDATA,primates,MAMMALIA,lepilemuridae,Lepilemur,sahamalaza,NA,NA,NA,"Andriaholinirina, Fausser, Roos, Zinner, Thalmann, Rabarivola, Ravoarimanana, Ganzhorn, Meier, Hilgartner, Walter, Zaramody, Langer, Hahn, Zimmermann, Radespiel, Craul, Tomiuk, Tattersall &amp; Rumpler, 2017",Critically Endangered,A2acd+3cd+4cd,3.1,Decreasing,Global,NA,lepilemur sahamalaza,NA,NA,NA,NA,NA,NA,NA,NA,NA,NA,NA,NA,NA,NA,NA,NA,NA,NA,NA,NA,NA,NA,NA,NA,NA,NA,NA,NA,NA,NA,NA,-0.02762622,0.341742337,0,0,NA,NA,NA,NA,NA,NA,NA,Forest,Forest,NA,NA
115584379,136662,lepilemur betsileo,ANIMALIA,CHORDATA,primates,MAMMALIA,lepilemuridae,Lepilemur,betsileo,NA,NA,NA,"Louis Jr., Engberg, Lei, Geng, Sommer, Randriamampionona, Randriamanana, Zaonarivelo, Andriantompohavana, Randria, Prosper, Ramaromilanto, Rakotoarisoa, Rooney &amp; Brenneman, 2006",Endangered,"B1ab(i,iii)",3.1,Decreasing,Global,NA,lepilemur betsileo,NA,NA,NA,NA,NA,NA,NA,NA,NA,NA,NA,NA,NA,NA,NA,NA,NA,NA,NA,NA,NA,NA,NA,NA,NA,NA,NA,NA,NA,NA,NA,-0.02762622,0.341742337,0,0,NA,NA,NA,NA,NA,NA,NA,Forest,Forest,NA,NA
115584740,136677,lepilemur petteri,ANIMALIA,CHORDATA,primates,MAMMALIA,lepilemuridae,Lepilemur,petteri,NA,NA,NA,"Louis Jr., Engberg, Lei, Geng, Sommer, Randriamampionona, Randriamanana, Zaonarivelo, Andriantompohavana, Randria, Prosper, Ramaromilanto, Rakotoarisoa, Rooney &amp; Brenneman, 2006",Endangered,A3cd,3.1,Decreasing,Global,NA,lepilemur petteri,NA,NA,NA,NA,NA,NA,NA,NA,NA,NA,NA,NA,NA,NA,NA,NA,NA,NA,NA,NA,NA,NA,NA,NA,NA,NA,NA,NA,NA,NA,NA,-0.02762622,0.341742337,0,0,NA,NA,NA,NA,NA,NA,NA,Forest,Forest,NA,NA
115585037,136707,lepilemur seali,ANIMALIA,CHORDATA,primates,MAMMALIA,lepilemuridae,Lepilemur,seali,NA,NA,NA,"Louis Jr., Engberg, Lei, Geng, Sommer, Randriamampionona, Randriamanana, Zaonarivelo, Andriantompohavana, Randria, Prosper, Ramaromilanto, Rakotoarisoa, Rooney &amp; Brenneman, 2006",Vulnerable,"A2cd+3cd+4cd; B1ab(i,iii,iv,v)",3.1,Decreasing,Global,NA,lepilemur seali,NA,NA,NA,NA,NA,NA,NA,NA,NA,NA,NA,NA,NA,NA,NA,NA,NA,NA,NA,NA,NA,NA,NA,NA,NA,NA,NA,NA,NA,NA,NA,-0.02762622,0.341742337,0,0,NA,NA,NA,NA,NA,NA,NA,Forest,Forest,NA,NA
115585199,136709,lepilemur tymerlachsoni,ANIMALIA,CHORDATA,primates,MAMMALIA,lepilemuridae,Lepilemur,tymerlachsoni,NA,NA,NA,"Louis Jr., Engberg, Lei, Geng, Sommer, Randriamampionona, Randriamanana, Zaonarivelo, Andriantompohavana, Randria, Prosper, Ramaromilanto, Rakotoarisoa, Rooney &amp; Brenneman, 2006",Critically Endangered,"A2ac+3c+4c; B1ab(i,iii,v)",3.1,Decreasing,Global,NA,lepilemur tymerlachsoni,NA,NA,NA,NA,NA,NA,NA,NA,NA,NA,NA,NA,NA,NA,NA,NA,NA,NA,NA,NA,NA,NA,NA,NA,NA,NA,NA,NA,NA,NA,NA,-0.02762622,0.341742337,0,0,NA,NA,NA,NA,NA,NA,NA,Forest,Forest,NA,NA
115585357,136731,lepilemur ankaranensis,ANIMALIA,CHORDATA,primates,MAMMALIA,lepilemuridae,Lepilemur,ankaranensis,NA,NA,NA,"Rumpler &amp; Albignac, 1975",Endangered,"A2cd+3cd+4cd; B1ab(i,iii,iv,v)",3.1,Decreasing,Global,NA,lepilemur ankaranensis,515,Lepilemuridae,0,0,0,0,0,0,0,0,0,100,Ref_11,ABC,Ar,A,NA,1,0,0,Ref_1,ABC,700.89,"Ref_2, Ref_3",0,0,0,100,100,0,herbivore,-0.02762622,0.341742337,0.108643537,-0.1003301887,1.8658333950909158,73.42321465333772,0.70089,0.03784806,1.089456360576228,0.13619670627626781,6.80983531381339,Forest,Forest,354088942.33296144,2.5598657103436873
115585545,163314538,microcebus simmonsi,ANIMALIA,CHORDATA,primates,MAMMALIA,cheirogaleidae,Microcebus,simmonsi,NA,NA,NA,"Louis Jr., Coles, Andriantompohavana, Sommer, Engberg, Zaonarivelo, Mayor &amp; Brenneman, 2006",Endangered,"B1ab(i,iii)",3.1,Decreasing,Global,NA,microcebus simmonsi,NA,NA,NA,NA,NA,NA,NA,NA,NA,NA,NA,NA,NA,NA,NA,NA,NA,NA,NA,NA,NA,NA,NA,NA,NA,NA,NA,NA,NA,NA,NA,-0.02762622,0.445551765,0,0,NA,NA,NA,NA,NA,NA,NA,Forest,Forest,NA,NA
115585671,136761,lepilemur hubbardorum,ANIMALIA,CHORDATA,primates,MAMMALIA,lepilemuridae,Lepilemur,hubbardorum,NA,NA,NA,"Louis Jr., Engberg, Lei, Geng, Sommer, Randriamampionona, Randriamanana, Zaonarivelo, Andriantompohavana, Randria, Prosper, Ramaromilanto, Rakotoarisoa, Rooney &amp; Brenneman, 2006",Endangered,"B1ab(i,ii,iii,v)",3.1,Decreasing,Global,NA,lepilemur hubbardorum,NA,NA,NA,NA,NA,NA,NA,NA,NA,NA,NA,NA,NA,NA,NA,NA,NA,NA,NA,NA,NA,NA,NA,NA,NA,NA,NA,NA,NA,NA,NA,-0.02762622,0.341742337,0,0,NA,NA,NA,NA,NA,NA,NA,Forest,Forest,NA,NA
115585814,136767,avahi betsileo,ANIMALIA,CHORDATA,primates,MAMMALIA,indriidae,Avahi,betsileo,NA,NA,NA,"Andriantompohavana, Lei, Zaonarivelo, Engberg, Nalanirina, McGuire, Shore, Andrianasolo, Herrington, Brenneman &amp; Louis Jr., 2007",Endangered,"B1ab(i,iii)",3.1,Decreasing,Global,NA,avahi betsileo,NA,NA,NA,NA,NA,NA,NA,NA,NA,NA,NA,NA,NA,NA,NA,NA,NA,NA,NA,NA,NA,NA,NA,NA,NA,NA,NA,NA,NA,NA,NA,-0.02762622,0.266011713,0,0,NA,NA,NA,NA,NA,NA,NA,Forest,Forest,NA,NA
115585939,136771,lepilemur grewcockorum,ANIMALIA,CHORDATA,primates,MAMMALIA,lepilemuridae,Lepilemur,grewcockorum,NA,NA,NA,"Louis Jr., Engberg, Lei, Geng, Sommer, Randriamampionona, Randriamanana, Zaonarivelo, Andriantompohavana, Randria, Prosper, Ramaromilanto, Rakotoarisoa, Rooney, &amp; Brenneman, 2006",Critically Endangered,A2cd+3cd+4cd,3.1,Decreasing,Global,NA,lepilemur grewcockorum,NA,NA,NA,NA,NA,NA,NA,NA,NA,NA,NA,NA,NA,NA,NA,NA,NA,NA,NA,NA,NA,NA,NA,NA,NA,NA,NA,NA,NA,NA,NA,-0.02762622,0.341742337,0,0,NA,NA,NA,NA,NA,NA,NA,Forest,Forest,NA,NA
115586218,136796,lepilemur otto,ANIMALIA,CHORDATA,primates,MAMMALIA,lepilemuridae,Lepilemur,otto,NA,NA,NA,"Craul, Zimmermann, Rasoloharijaona, Randrianambinina &amp; Radespiel, 2007",Endangered,"B1ab(i,iii,v)",3.1,Decreasing,Global,NA,lepilemur otto,NA,NA,NA,NA,NA,NA,NA,NA,NA,NA,NA,NA,NA,NA,NA,NA,NA,NA,NA,NA,NA,NA,NA,NA,NA,NA,NA,NA,NA,NA,NA,-0.02762622,0.341742337,0,0,NA,NA,NA,NA,NA,NA,NA,Forest,Forest,NA,NA
115587239,16971364,microcebus margotmarshae,ANIMALIA,CHORDATA,primates,MAMMALIA,cheirogaleidae,Microcebus,margotmarshae,NA,NA,NA,"Louis, Engberg, McGuire, McCormick, Randriamampionona, Ranaivoarisoa, Bailey, Mittermeier &amp; Lei, 2008",Endangered,"B1ab(i,iii)",3.1,Decreasing,Global,NA,microcebus margotmarshae,NA,NA,NA,NA,NA,NA,NA,NA,NA,NA,NA,NA,NA,NA,NA,NA,NA,NA,NA,NA,NA,NA,NA,NA,NA,NA,NA,NA,NA,NA,NA,-0.02762622,0.445551765,0,0,NA,NA,NA,NA,NA,NA,NA,Forest,Forest,NA,NA
115587373,16971390,microcebus arnholdi,ANIMALIA,CHORDATA,primates,MAMMALIA,cheirogaleidae,Microcebus,arnholdi,NA,NA,NA,"Louis, Engberg, McGuire, McCormick, Randriamampionona, Ranaivoarisoa, Bailey, Mittermeier &amp; Lei, 2008",Vulnerable,"B1ab(ii,iii,v)+2ab(ii,iii,v)",3.1,Decreasing,Global,NA,microcebus arnholdi,NA,NA,NA,NA,NA,NA,NA,NA,NA,NA,NA,NA,NA,NA,NA,NA,NA,NA,NA,NA,NA,NA,NA,NA,NA,NA,NA,NA,NA,NA,NA,-0.02762622,0.445551765,0,0,NA,NA,NA,NA,NA,NA,NA,Forest,Forest,NA,NA
115587527,16971425,microcebus macarthurii,ANIMALIA,CHORDATA,primates,MAMMALIA,cheirogaleidae,Microcebus,macarthurii,NA,NA,NA,"Radespiel, Olivieri, Rasolofoson, Rakotondratsimba, Rakotonirainy, Rasoloharijaona, Randrianambinina, Ratsimbazafy, Ratelolahy, Randriamboavonjy, Rasolofoharivelo, Craul, Rakotozafy &amp; Randrianarison, 2008",Endangered,"B1ab(i,iii)",3.1,Decreasing,Global,NA,microcebus macarthurii,NA,NA,NA,NA,NA,NA,NA,NA,NA,NA,NA,NA,NA,NA,NA,NA,NA,NA,NA,NA,NA,NA,NA,NA,NA,NA,NA,NA,NA,NA,NA,-0.02762622,0.445551765,0,0,NA,NA,NA,NA,NA,NA,NA,Forest,Forest,NA,NA
115587841,16971489,lepilemur hollandorum,ANIMALIA,CHORDATA,primates,MAMMALIA,lepilemuridae,Lepilemur,hollandorum,NA,NA,NA,"Ramaromilanto, Lei, Engberg, Johnson, Sitzmann &amp; Louis , 2009",Critically Endangered,A2cd+3cd+4cd,3.1,Decreasing,Global,NA,lepilemur hollandorum,NA,NA,NA,NA,NA,NA,NA,NA,NA,NA,NA,NA,NA,NA,NA,NA,NA,NA,NA,NA,NA,NA,NA,NA,NA,NA,NA,NA,NA,NA,NA,-0.02762622,0.341742337,0,0,NA,NA,NA,NA,NA,NA,NA,Forest,Forest,NA,NA
115587981,16971518,lepilemur scottorum,ANIMALIA,CHORDATA,primates,MAMMALIA,lepilemuridae,Lepilemur,scottorum,NA,NA,NA,"Lei, Engberg, Andriantompohavana, McGuire, Mittermeier, Zaonarivelo, Brenneman &amp; Louis, 2008",Endangered,"B1ab(i,iii,v)",3.1,Decreasing,Global,NA,lepilemur scottorum,NA,NA,NA,NA,NA,NA,NA,NA,NA,NA,NA,NA,NA,NA,NA,NA,NA,NA,NA,NA,NA,NA,NA,NA,NA,NA,NA,NA,NA,NA,NA,-0.02762622,0.341742337,0,0,NA,NA,NA,NA,NA,NA,NA,Forest,Forest,NA,NA
115588141,16971566,avahi mooreorum,ANIMALIA,CHORDATA,primates,MAMMALIA,indriidae,Avahi,mooreorum,NA,NA,NA,"Lei, Engberg, Andriantompohavana, McGuire, Mittermeier, Zaonarivelo, Brenneman &amp; Louis, 2008",Endangered,"B1ab(i,iii,v)",3.1,Decreasing,Global,NA,avahi mooreorum,NA,NA,NA,NA,NA,NA,NA,NA,NA,NA,NA,NA,NA,NA,NA,NA,NA,NA,NA,NA,NA,NA,NA,NA,NA,NA,NA,NA,NA,NA,NA,-0.02762622,0.266011713,0.039386072,0,NA,NA,NA,NA,NA,NA,NA,Forest,Forest,NA,NA
115588562,163023599,cheirogaleus medius,ANIMALIA,CHORDATA,primates,MAMMALIA,cheirogaleidae,Cheirogaleus,medius,NA,NA,NA,"É. Geoffroy Saint-Hilaire, 1812",Vulnerable,A3cd,3.1,Decreasing,Global,cheirogaleus adipicaudatus,cheirogaleus medius,472,Cheirogaleidae,20,0,0,0,0,0,30,20,0,30,Ref_1,ABC,Ar,A,NA,1,0,0,Ref_1,ABC,181,Ref_117,1,0,50,30,80,20,herbivore,-0.02762622,0.445551765,0.376437877,-0.1003301887,2.431262497126048,269.93704983019484,0.181,0.009774,0.553635836990345,0.037045674190669814,1.8522837095334905,Forest,Forest,398698635.5477436,2.469461804363576
115588708,54778911,cheirogaleus major,ANIMALIA,CHORDATA,primates,MAMMALIA,cheirogaleidae,Cheirogaleus,major,NA,NA,NA,"É. Geoffroy Saint-Hilaire, 1812",Vulnerable,A4cd,3.1,Decreasing,Global,cheirogaleus ravus,cheirogaleus major,471,Cheirogaleidae,20,0,0,0,0,0,30,20,0,30,Ref_1,ABC,Ar,A,NA,1,0,0,Ref_1,ABC,450,Ref_117,1,0,50,30,80,20,herbivore,-0.02762622,0.445551765,0.062448475,-0.1003301887,1.9868849294329762,97.02528552092588,0.45,0.0243,0.8729536070147141,0.10306591674850836,5.153295837425418,Forest,Forest,382509865.42536527,2.5366123015954245
115588845,59544947,microcebus rufus,ANIMALIA,CHORDATA,primates,MAMMALIA,cheirogaleidae,Microcebus,rufus,NA,NA,NA,"(É. Geoffroy, 1834)",Vulnerable,"B1ab(i,iii)",3.1,Decreasing,Global,NA,microcebus rufus,480,Cheirogaleidae,20,0,20,0,0,0,30,10,0,20,Ref_1,ABC,Ar,A,NA,1,0,0,Ref_1,ABC,42.5,Ref_117,1,20,40,20,60,40,omnivore,-0.02762622,0.445551765,-0.048810082,-0.0552981064,2.258492592583306,181.33957459533477,0.0425,0.002295,0.268274486300878,0.055145160797444956,2.757258039872248,"Forest, Artificial - Terrestrial","Forest, Plantations & Heavily Degraded Former Forest",243143493.17910603,2.2816272670318094
120487417,136347,microcebus danfossi,ANIMALIA,CHORDATA,primates,MAMMALIA,cheirogaleidae,Microcebus,danfossi,NA,NA,NA,"Olivieri, Zimmermann, Randrianambinina, Rassoloharijaona, Rakotondravony, Guschanski &amp; Radespiel, 2007",Vulnerable,"B1ab(i,ii,iii,iv,v)",3.1,Decreasing,Global,NA,microcebus danfossi,NA,NA,NA,NA,NA,NA,NA,NA,NA,NA,NA,NA,NA,NA,NA,NA,NA,NA,NA,NA,NA,NA,NA,NA,NA,NA,NA,NA,NA,NA,NA,-0.02762622,0.445551765,0,0,NA,NA,NA,NA,NA,NA,NA,Forest,Forest,NA,NA
163020759,163020756,cheirogaleus shethi,ANIMALIA,CHORDATA,primates,MAMMALIA,cheirogaleidae,Cheirogaleus,shethi,NA,NA,NA,"Frasier, Lei, McLain, Taylor, Bailey, Ginter, Nash, Randriamampionona, Groves, Mittermeier &amp; Louis Jr., 2016",Endangered,"B1ab(i,iii)",3.1,Decreasing,Global,NA,cheirogaleus shethi,NA,NA,NA,NA,NA,NA,NA,NA,NA,NA,NA,NA,NA,NA,NA,NA,NA,NA,NA,NA,NA,NA,NA,NA,NA,NA,NA,NA,NA,NA,NA,-0.02762622,0.445551765,0,0,NA,NA,NA,NA,NA,NA,NA,"Forest, Shrubland, Artificial - Terrestrial","Forest, Shrubland, Plantations & Heavily Degraded Former Forest",NA,NA
163021799,163021607,cheirogaleus andysabini,ANIMALIA,CHORDATA,primates,MAMMALIA,cheirogaleidae,Cheirogaleus,andysabini,NA,NA,NA,"Lei, McLain, Frasier, Taylor, Bailey, Engberg, Ginter, Nash, Randriamampionona, Groves,  Mittermeier &amp; Louis Jr, 2015",Endangered,B1ab(iii),3.1,Decreasing,Global,NA,cheirogaleus andysabini,NA,NA,NA,NA,NA,NA,NA,NA,NA,NA,NA,NA,NA,NA,NA,NA,NA,NA,NA,NA,NA,NA,NA,NA,NA,NA,NA,NA,NA,NA,NA,-0.02762622,0.445551765,0,0,NA,NA,NA,NA,NA,NA,NA,Forest,Forest,NA,NA
163021999,163021927,cheirogaleus grovesi,ANIMALIA,CHORDATA,primates,MAMMALIA,cheirogaleidae,Cheirogaleus,grovesi,NA,NA,NA,"McLain, Lei, Frasier, Taylor, Bailey, Robertson, Nash, Randriamanana, Mittermeier &amp; Louis Jr, 2017",Data Deficient,NA,3.1,Decreasing,Global,NA,cheirogaleus grovesi,NA,NA,NA,NA,NA,NA,NA,NA,NA,NA,NA,NA,NA,NA,NA,NA,NA,NA,NA,NA,NA,NA,NA,NA,NA,NA,NA,NA,NA,NA,NA,-0.02762622,0.445551765,0,0,NA,NA,NA,NA,NA,NA,NA,Forest,Forest,NA,NA
163022293,163022131,cheirogaleus lavasoensis,ANIMALIA,CHORDATA,primates,MAMMALIA,cheirogaleidae,Cheirogaleus,lavasoensis,NA,NA,NA,"Thiele, Razafimahatratra &amp; Hapke, 2013",Endangered,"B1ab(i,iii)",3.1,Decreasing,Global,NA,cheirogaleus lavasoensis,NA,NA,NA,NA,NA,NA,NA,NA,NA,NA,NA,NA,NA,NA,NA,NA,NA,NA,NA,NA,NA,NA,NA,NA,NA,NA,NA,NA,NA,NA,NA,-0.02762622,0.445551765,0,0,NA,NA,NA,NA,NA,NA,NA,Forest,Forest,NA,NA
163024490,163024481,microcebus tanosi,ANIMALIA,CHORDATA,primates,MAMMALIA,cheirogaleidae,Microcebus,tanosi,NA,NA,NA,"Rasoloarison, Weisrock, Yoder, Rakotondravony &amp; Kappeler, 2013",Endangered,"B1ab(i,ii,iii,iv)",3.1,Decreasing,Global,NA,microcebus tanosi,NA,NA,NA,NA,NA,NA,NA,NA,NA,NA,NA,NA,NA,NA,NA,NA,NA,NA,NA,NA,NA,NA,NA,NA,NA,NA,NA,NA,NA,NA,NA,-0.02762622,0.445551765,0,0,NA,NA,NA,NA,NA,NA,NA,Forest,Forest,NA,NA
163312222,163022885,cheirogaleus thomasi,ANIMALIA,CHORDATA,primates,MAMMALIA,cheirogaleidae,Cheirogaleus,thomasi,NA,NA,NA,"(Forsyth Major, 1894)",Endangered,"B1ab(ii,iii,iv,v)+2ab(ii,iii,iv,v)",3.1,Decreasing,Global,NA,cheirogaleus thomasi,NA,NA,NA,NA,NA,NA,NA,NA,NA,NA,NA,NA,NA,NA,NA,NA,NA,NA,NA,NA,NA,NA,NA,NA,NA,NA,NA,NA,NA,NA,NA,-0.02762622,0.445551765,0,0,NA,NA,NA,NA,NA,NA,NA,Forest,Forest,NA,NA
163313088,163313085,microcebus ganzhorni,ANIMALIA,CHORDATA,primates,MAMMALIA,cheirogaleidae,Microcebus,ganzhorni,NA,NA,NA,"Hotaling, Foley, Lawrence, Bocanegra, Blanco, Rasoloarison, Kappeler, Barrett, Yoder &amp; Weisrock, 2016",Endangered,"B2ab(ii,iii,iv)",3.1,Decreasing,Global,NA,microcebus ganzhorni,NA,NA,NA,NA,NA,NA,NA,NA,NA,NA,NA,NA,NA,NA,NA,NA,NA,NA,NA,NA,NA,NA,NA,NA,NA,NA,NA,NA,NA,NA,NA,-0.02762622,0.445551765,0,0,NA,NA,NA,NA,NA,NA,NA,Forest,Forest,NA,NA
163313878,163313848,microcebus manitatra,ANIMALIA,CHORDATA,primates,MAMMALIA,cheirogaleidae,Microcebus,manitatra,NA,NA,NA,"Hotaling, Foley, Lawrence, Bocanegra, Blanco, Rasoloarison, Kappeler, Barrett, Yoder &amp; Weisrock, 2016",Critically Endangered,"B1ab(i,iii)",3.1,Decreasing,Global,NA,microcebus manitatra,NA,NA,NA,NA,NA,NA,NA,NA,NA,NA,NA,NA,NA,NA,NA,NA,NA,NA,NA,NA,NA,NA,NA,NA,NA,NA,NA,NA,NA,NA,NA,-0.02762622,0.445551765,0,0,NA,NA,NA,NA,NA,NA,NA,Forest,Forest,NA,NA
180179376,136458,microcebus jollyae,ANIMALIA,CHORDATA,primates,MAMMALIA,cheirogaleidae,Microcebus,jollyae,NA,NA,NA,"Louis Jr., Coles, Andriantompohavana, Sommer, Engberg, Zaonarivelo, Mayor &amp; Brenneman, 2006",Endangered,"B1ab(i,iii,v)",3.1,Decreasing,Global,NA,microcebus jollyae,NA,NA,NA,NA,NA,NA,NA,NA,NA,NA,NA,NA,NA,NA,NA,NA,NA,NA,NA,NA,NA,NA,NA,NA,NA,NA,NA,NA,NA,NA,NA,-0.02762622,0.445551765,0,0,NA,NA,NA,NA,NA,NA,NA,Forest,Forest,NA,NA
182121438,8204,eulemur albifrons,ANIMALIA,CHORDATA,primates,MAMMALIA,lemuridae,Eulemur,albifrons,NA,NA,NA,"(É. Geoffroy Saint-Hilaire, 1796)",Vulnerable,A2cd,3.1,Decreasing,Global,eulemur fulvus,eulemur albifrons,499,Lemuridae,20,0,0,0,0,0,40,0,0,40,Ref_1,ABC,Ar,A,NA,0,0,1,Ref_1,ABC,2300,Ref_129,1,0,40,40,80,20,herbivore,-0.02762622,0.507790941,-0.011966274,-0.1003301887,1.7411465590455175,55.09936059119869,2.3,0.12419999999999999,1.9735531409110827,0.18149030937388685,9.074515468694344,Forest,Forest,262953579.00763822,2.605540702828503
182234286,2435,avahi occidentalis,ANIMALIA,CHORDATA,primates,MAMMALIA,indriidae,Avahi,occidentalis,NA,NA,NA,"von Lorenz-Liburnau, 1898",Vulnerable,"B1ab(i,ii,iii)",3.1,Decreasing,Global,NA,avahi occidentalis,518,Indriidae,0,0,0,0,0,0,0,0,0,100,Ref_11,ABC,Ar,A,NA,1,0,0,Ref_1,ABC,800,Ref_117,1,0,0,100,100,0,herbivore,-0.02762622,0.266011713,0.055338605,-0.1003301887,1.7178626439618812,52.22309948093913,0.8,0.0432,1.1639381426862854,0.19148614500849173,9.574307250424587,Forest,Forest,342854481.88836354,2.565393981441321
182235113,8212,eulemur macaco,ANIMALIA,CHORDATA,primates,MAMMALIA,lemuridae,Eulemur,macaco,NA,NA,NA,"(Linnaeus, 1766)",Endangered,A4acd,3.1,Decreasing,Global,eulemur macaco,eulemur macaco,495,Lemuridae,0,0,0,0,0,0,30,0,0,70,Ref_1,ABC,Ar,A,NA,0,0,1,Ref_1,ABC,2040,Ref_117,1,0,30,70,100,0,herbivore,-0.02762622,0.507790941,0.208312488,-0.1003301887,1.9785993705426157,95.19176306416813,2.04,0.11016,1.8586601625902457,0.10505110608424247,5.252555304212123,Forest,Forest,272134219.18857306,2.601808219404351
182235685,8210,eulemur sanfordi,ANIMALIA,CHORDATA,primates,MAMMALIA,lemuridae,Eulemur,sanfordi,NA,NA,NA,"(Archbold, 1932)",Endangered,A3cd+4cd,3.1,Decreasing,Global,eulemur fulvus,eulemur sanfordi,491,Lemuridae,0,0,0,0,0,0,80,0,0,20,Ref_75,ABC,Ar,A,NA,0,0,1,Ref_1,ABC,2394.03,Ref_58,1,0,80,20,100,0,herbivore,-0.02762622,0.507790941,0.194009319,-0.1003301887,1.9413856466795654,87.37468975315778,2.3940300000000003,0.12927762,2.0134910387682385,0.11444961954372597,5.722480977186298,Forest,Forest,259920770.09715763,2.6067606654716795
182236363,9676,hapalemur alaotrensis,ANIMALIA,CHORDATA,primates,MAMMALIA,lemuridae,Hapalemur,alaotrensis,NA,NA,NA,"Rumpler, 1975",Critically Endangered,A2acd,3.1,Decreasing,Global,hapalemur griseus,hapalemur alaotrensis,501,Lemuridae,0,0,0,0,0,0,0,0,0,100,Ref_1,ABC,Ar,A,NA,0,0,1,Ref_1,ABC,1616.83,Ref_58,1,0,0,100,100,0,herbivore,-0.02762622,0.507790941,-0.007874016,-0.1003301887,1.7956963481461012,62.47357346613782,1.61683,0.08730882,1.6546916918870413,0.16006768054368203,8.003384027184103,Wetlands (inland),Wetlands (inland),289976951.8195967,2.5940236269796833
182239524,8199,eulemur coronatus,ANIMALIA,CHORDATA,primates,MAMMALIA,lemuridae,Eulemur,coronatus,NA,NA,NA,"(Gray, 1842)",Endangered,A3cd,3.1,Decreasing,Global,NA,eulemur coronatus,497,Lemuridae,0,0,0,0,0,0,30,0,0,70,Ref_1,ABC,Ar,A,NA,0,0,1,Ref_1,ABC,1650,Ref_117,1,0,30,70,100,0,herbivore,-0.02762622,0.507790941,0.147002631,-0.1003301887,1.9476656098477336,88.64731987197375,1.65,0.0891,1.6715788943391214,0.11280656893453972,5.640328446726986,Forest,Forest,288434267.38323236,2.594741901980628
182239898,163314248,microcebus murinus,ANIMALIA,CHORDATA,primates,MAMMALIA,cheirogaleidae,Microcebus,murinus,NA,NA,NA,"(J.F. Miller, 1777)",Least Concern,NA,3.1,Decreasing,Global,NA,microcebus murinus,477,Cheirogaleidae,20,0,20,0,0,0,30,10,0,20,Ref_1,ABC,Ar,A,NA,1,0,0,Ref_1,ABC,69,Ref_117,1,20,40,20,60,40,omnivore,-0.02762622,0.445551765,-0.011986783,-0.0552981064,2.2259374853223197,168.24318653705976,0.069,0.003726,0.34182943114951353,0.059437771037445554,2.9718885518722775,"Shrubland, Forest","Shrubland, Forest",317260527.17595494,2.357828501914709
182240168,163314140,microcebus boraha,ANIMALIA,CHORDATA,primates,MAMMALIA,cheirogaleidae,Microcebus,boraha,NA,NA,NA,"Hotaling, Foley, Lawrence, Bocanegra, Blanco, Rasoloarison, Kappeler, Barrett, Yoder &amp; Weisrock, 2016",Data Deficient,NA,3.1,Decreasing,Global,NA,microcebus boraha,NA,NA,NA,NA,NA,NA,NA,NA,NA,NA,NA,NA,NA,NA,NA,NA,NA,NA,NA,NA,NA,NA,NA,NA,NA,NA,NA,NA,NA,NA,NA,-0.02762622,0.445551765,0,0,NA,NA,NA,NA,NA,NA,NA,Unknown,Unknown,NA,NA
182240582,136684,mirza zaza,ANIMALIA,CHORDATA,primates,MAMMALIA,cheirogaleidae,Mirza,zaza,NA,NA,NA,"Kappeler &amp; Roos, 2005",Vulnerable,"A4cd; B1ab(i,iii)",3.1,Decreasing,Global,NA,mirza zaza,NA,NA,NA,NA,NA,NA,NA,NA,NA,NA,NA,NA,NA,NA,NA,NA,NA,NA,NA,NA,NA,NA,NA,NA,NA,NA,NA,NA,NA,NA,NA,-0.02762622,0.445551765,0,0,NA,NA,NA,NA,NA,NA,NA,Forest,Forest,NA,NA
189740044,8203,eulemur rubriventer,ANIMALIA,CHORDATA,primates,MAMMALIA,lemuridae,Eulemur,rubriventer,NA,NA,NA,"(I. Geoffroy, 1850)",Vulnerable,A2cd+4cd,3.1,Decreasing,Global,NA,eulemur rubriventer,493,Lemuridae,0,0,0,0,0,0,30,0,0,70,Ref_1,ABC,Ar,A,NA,0,0,1,Ref_1,ABC,1400,Ref_117,1,0,30,70,100,0,herbivore,-0.02762622,0.507790941,0.154341488,-0.1003301887,1.9785270147511027,95.17590492661624,1.4,0.0756,1.5397454335051621,0.10506860962036904,5.253430481018452,Forest,Forest,300699037.6634424,2.5886625879226104
196429566,196429436,microcebus jonahi,ANIMALIA,CHORDATA,primates,MAMMALIA,cheirogaleidae,Microcebus,jonahi,NA,NA,NA,"Schüßler, Blanco, Salmona, Poelstra, Andriambeloson, Miller, A., Randrianambinina, Rasolofoson, Mantilla-Contreras, Chikhi, Louis Jr., Yoder, &amp; Radespiel, 2020",Endangered,"B1ab(ii,iii,iv,v)",3.1,Decreasing,Global,NA,microcebus jonahi,NA,NA,NA,NA,NA,NA,NA,NA,NA,NA,NA,NA,NA,NA,NA,NA,NA,NA,NA,NA,NA,NA,NA,NA,NA,NA,NA,NA,NA,NA,NA,-0.02762622,0.445551765,0,0,NA,NA,NA,NA,NA,NA,NA,Forest,Forest,NA,NA
196465915,136843,lepilemur ahmansoni,ANIMALIA,CHORDATA,primates,MAMMALIA,lepilemuridae,Lepilemur,ahmansoni,NA,NA,NA,"Louis Jr., Engberg, Lei, Geng, Sommer, Randriamampionona, Randriamanana, Zaonarivelo, Andriantompohavana, Randria, Prosper, Ramaromilanto, Rakotoarisoa, Rooney &amp; Brenneman, 2006",Critically Endangered,A2c+4c,3.1,Decreasing,Global,NA,lepilemur ahmansoni,NA,NA,NA,NA,NA,NA,NA,NA,NA,NA,NA,NA,NA,NA,NA,NA,NA,NA,NA,NA,NA,NA,NA,NA,NA,NA,NA,NA,NA,NA,NA,-0.02762622,0.341742337,0,0,NA,NA,NA,NA,NA,NA,NA,Forest,Forest,NA,NA
207130315,11620,lepilemur mustelinus,ANIMALIA,CHORDATA,primates,MAMMALIA,lepilemuridae,Lepilemur,mustelinus,NA,NA,NA,"I. Geoffroy, 1851",Vulnerable,A2cd+3cd,3.1,Decreasing,Global,NA,lepilemur mustelinus,516,Lepilemuridae,0,0,0,0,0,0,0,0,0,100,Ref_1,ABC,Ar,A,NA,1,0,0,Ref_1,ABC,773,Ref_117,1,0,0,100,100,0,herbivore,-0.02762622,0.341742337,0.008353124,-0.1003301887,1.7515230461854632,56.431688647934806,0.773,0.041742,1.1441281047155514,0.17720540071710159,8.860270035855079,Forest,Forest,345789334.075048,2.5639868532667247
210364962,210364856,microcebus lehilahytsara,ANIMALIA,CHORDATA,primates,MAMMALIA,cheirogaleidae,Microcebus,lehilahytsara,NA,NA,NA,"Roos &amp; Kappeler, 2005",Near Threatened,A2cd+3cd+4cd,3.1,Decreasing,Global,NA,microcebus lehilahytsara,NA,NA,NA,NA,NA,NA,NA,NA,NA,NA,NA,NA,NA,NA,NA,NA,NA,NA,NA,NA,NA,NA,NA,NA,NA,NA,NA,NA,NA,NA,NA,-0.02762622,0.445551765,0,0,NA,NA,NA,NA,NA,NA,NA,Forest,Forest,NA,NA
210368927,210368667,lepilemur dorsalis,ANIMALIA,CHORDATA,primates,MAMMALIA,lepilemuridae,Lepilemur,dorsalis,NA,NA,NA,"Gray, 1870",Endangered,A3cd,3.1,Decreasing,Global,NA,lepilemur dorsalis,514,Lepilemuridae,0,0,0,0,0,0,0,0,0,100,Ref_1,ABC,Ar,A,NA,1,0,0,Ref_1,ABC,500,Ref_117,1,0,0,100,100,0,herbivore,-0.02762622,0.341742337,0,-0.1003301887,1.8055430230793728,63.906204244725764,0.5,0.027,0.920173896608679,0.15647932963919242,7.82396648195962,Forest,Forest,378046015.9174019,2.543119143687687
215090010,41573,microcebus berthae,ANIMALIA,CHORDATA,primates,MAMMALIA,cheirogaleidae,Microcebus,berthae,NA,NA,NA,"Rasoloarison, Goodman &amp; Ganzhorn, 2000",Critically Endangered,A3c+4c,3.1,Decreasing,Global,NA,microcebus berthae,482,Cheirogaleidae,20,0,20,0,0,0,30,10,0,20,Ref_2,D1,Ar,A,NA,1,0,0,Ref_1,ABC,33.45,Ref_58,1,20,40,20,60,40,omnivore,-0.02762622,0.445551765,0,-0.0552981064,2.3415840096083365,219.5755653435984,0.03345,0.0018063,0.23800329409485071,0.04554240807419396,2.277120403709698,Forest,Forest,205827517.01341495,2.2391190881594447
216087357,10714,hypogeomys antimena,ANIMALIA,CHORDATA,rodentia,MAMMALIA,nesomyidae,Hypogeomys,antimena,NA,NA,NA,"A. Grandidier, 1869",Critically Endangered,A2bc,3.1,Decreasing,Global,NA,hypogeomys antimena,1321,Nesomyidae,0,0,0,0,0,0,100,0,0,0,Ref_1,ABC,G,A,NA,1,0,0,Ref_1,ABC,1250,Ref_117,1,0,100,0,100,0,herbivore,0.664079616,-0.218962906,0,-0.1003301887,1.8053622870381187,63.87961456462499,1.25,0.0675,1.454922678357857,0.1565444636470578,7.82722318235289,Forest,Forest,308742068.5270296,2.584060310795367
259358589,41710,viverricula indica,ANIMALIA,CHORDATA,carnivora,MAMMALIA,viverridae,Viverricula,indica,NA,NA,NA,"(É. Geoffroy Saint-Hilaire, 1803)",Least Concern,NA,3.1,Stable,Global,NA,viverricula indica,4854,Viverridae,20,40,0,0,0,20,10,0,0,10,Ref_1,ABC,G,A,NA,1,1,1,Ref_1,ABC,2908.43,Ref_117,1,60,10,10,20,80,carnivore,-1.697802701,0.374193572,0,0,0.016067586445697613,1.0376898922298126,2.9084299999999996,1.2697488621765076,6.31025548752626,9.63679040807824,481.839520403912,"Savanna, Grassland, Artificial - Terrestrial, Shrubland, Forest","Savanna, Grassland, Shrubland, Forest, Plantations & Heavily Degraded Former Forest",245591901.44591963,2.6126012001081436
